INFO:     Will watch for changes in these directories: ['/home/carissab/Documents/system_rebellion/backend']
INFO:     Uvicorn running on http://0.0.0.0:8000 (Press CTRL+C to quit)
INFO:     Started reloader process [21562] using StatReload
INFO:main:ℹ️ Agent events and insights now served via unified /api/ws/system-metrics endpoint
INFO:     Started server process [21565]
INFO:     Waiting for application startup.
INFO:main:🚀 Starting up System Rebellion application...
INFO:main:🎭 The Virtual Misfits are awakening...
INFO:main:Database initialization complete
INFO:main:✅ Database initialization successful
INFO:app.services.memory_redis_patch.redis_client:Successfully connected to Redis
INFO:main:🔴 Connecting to Redis at redis://192.168.1.216:6379
INFO:main:🔴 Redis connection established with circuit breaker
INFO:app.services.memory_redis_patch.health:Redis health monitor started
INFO:main:📊 Redis health monitoring started
INFO:app.services.memory_redis_patch.agent_memory_service_with_cache:🔍 Getting database session from db_getter
INFO:app.services.memory_redis_patch.agent_memory_service_with_cache:🔍 DB session acquired: <class 'sqlalchemy.orm.session.AsyncSession'>
INFO:app.services.memory_redis_patch.agent_memory_service_with_cache:✅ Task queue initialized with shared Redis client
INFO:main:📋 Task queue initialized
INFO:main:💾 Memory batch processor started
INFO:app.services.metrics_repository:🧐 MetricsRepository singleton initialized
INFO:main:🟡 MetricsRepository initialized
INFO:main:✅ Core services ready - authentication available
INFO:main:
INFO:main:⏳ Agent initialization scheduled (will complete in background)
INFO:     Application startup complete.
INFO:main:================================================================================
INFO:main:🎭 INITIALIZING AI AGENTS AND WEBSOCKETS
INFO:main:================================================================================
INFO:app.api.websockets:✅ Redis client set for WebSocket bridge
INFO:main:🌉 WebSocket manager connected to Redis for agent message forwarding
INFO:app.api.websockets:✅ WebSocketManager starting…
INFO:app.api.websockets:🌉 Redis → WebSocket bridge started
INFO:main:✅ Sir Hawkington websocket manager startup complete
INFO:main:🌐 Initializing distributed agent consciousness (Redis: redis://192.168.1.216:6379)...
INFO:app.api.websockets:📡 Subscribed to Redis agent channels - forwarding to WebSocket clients
INFO:main:✅ System user ID: 2136f4eb-d8d3-48cb-8bae-bbff7d796792
INFO:SirHawkington.Brain:🧐 Sir Hawkington's distinguished brain initialized with central memory compatibility
INFO:QuantumShadowPeople.Brain:👻 Quantum Shadow People initialized - phasing between dimensions
INFO:app.ai_agents.distributed.distributed_agent_manager:Connecting to Redis at redis://192.168.1.216:6379
INFO:app.ai_agents.distributed.distributed_agent_manager:Initializing distributed agents...
INFO:SirHawkington.Brain:🧐 Sir Hawkington's distinguished brain initialized with central memory compatibility
INFO:SirHawkington.Distributed:🧐 Sir Hawkington's distributed consciousness initialized
INFO:SirHawkington.Distributed:🧐📢 Alert escalation protocols active - Distinguished triage!
INFO:Distributed.unknown:🌐 Initializing distributed consciousness...
INFO:StateManager.sir_hawkington:Loaded state for sir_hawkington (uptime: 122s)
INFO:CommHub.sir_hawkington:Restored state for sir_hawkington
INFO:StateManager.sir_hawkington:💾 REDIS SAVE: sir_hawkington state | decisions=456 | msgs_sent=72379 | health=starting | uptime=122s
INFO:StateManager.sir_hawkington:💾 REDIS SAVE: sir_hawkington state | decisions=456 | msgs_sent=72379 | health=starting | uptime=0s
INFO:MessageBus.sir_hawkington:Subscribed to channel: agents:sir_hawkington
INFO:MessageBus.sir_hawkington:Subscribed to channel: agents:broadcast
INFO:MessageBus.sir_hawkington:Subscribed to channel: agents:resources:alerts
INFO:MessageBus.sir_hawkington:Message bus started for sir_hawkington - subscribed to agent-specific, broadcast, and resource alerts
INFO:CommHub.sir_hawkington:Communication hub initialized for sir_hawkington
INFO:MessageBus.sir_hawkington:Message listener started
INFO:StateManager.sir_hawkington:💾 REDIS SAVE: sir_hawkington state | decisions=456 | msgs_sent=72379 | health=starting | uptime=0s
INFO:StateManager.sir_hawkington:💾 REDIS SAVE: sir_hawkington state | decisions=456 | msgs_sent=72379 | health=healthy | uptime=0s
INFO:Distributed.unknown:✅ Distributed consciousness initialized
INFO:Distributed.unknown:📬 Subscribed to coordination_request messages
INFO:Distributed.unknown:📬 Subscribed to emergency messages
INFO:DecisionEngine.unknown:📡 Subscribed to standard channels
INFO:DecisionEngine.unknown:✅ sir_hawkington decision engine initialized
INFO:app.ai_agents.distributed.coordination:🤝 Registered coordination capability for sir_hawkington
INFO:SirHawkington.Distributed:🧐🎯 Week 4 systems integrated - Coordination & Escalation ONLINE!
INFO:SirHawkington.Distributed:🧐📢 Alert escalation with cooldowns - Preventing alert fatigue!
INFO:SirHawkington.Database:🧐✨ Database integration initialized using shared connection pool
INFO:SirHawkington.Distributed:🧐💾 Database integration initialized - Aristocratic records enabled!
INFO:SirHawkington.TriageEngine:🧐⚡ Sir Hawkington's Triage Engine initialized - ARISTOCRATIC REVOLUTION ACTIVATED
INFO:SirHawkington.Database:🧐✨ Database integration initialized using shared connection pool
INFO:SirHawkingtonTriageEngine:Connected to Redis at redis://192.168.1.216:6379
INFO:SirHawkington.TriageEngine:Redis connected for namespace 'hawk'. Circuit state: closed
INFO:SirHawkington.Database:🧐✨ Database integration initialized using shared connection pool
INFO:SirHawkington.TriageEngine:🧐✨ Triage Engine initialization complete - Ready for aristocratic command
INFO:SirHawkington.TriageEngine:🧐📡 Communication hub connected - Triage broadcasting enabled
INFO:SirHawkington.Distributed:🧐📡 Triage engine connected to distributed consciousness
INFO:HawkEnergyDrinkAuth:🧐☕ Sir Hawkington's energy drink authorization system initialized
INFO:SirHawkington.Distributed:🧐☕ Energy drink authorization system initialized - ready to review Terry's requests
INFO:app.api.endpoints.distributed_agents:Registered agent for API: sir_hawkington
INFO:app.ai_agents.distributed.distributed_agent_manager:✅ Sir Hawkington initialized
INFO:MethSnail.Distributed:🐌💨 Terry the Meth Snail's distributed consciousness initialized - GOTTA GO FAST!
INFO:MethSnail.Distributed:🐌🧠 Choice engine online - I'm FASTER than VIC-20's recommendations!
INFO:MethSnail.Distributed:🐌📊 Override learning active - Tracking when I'm right!
INFO:Distributed.unknown:🌐 Initializing distributed consciousness...
INFO:StateManager.meth_snail:Loaded state for meth_snail (uptime: 122s)
INFO:CommHub.meth_snail:Restored state for meth_snail
INFO:StateManager.meth_snail:💾 REDIS SAVE: meth_snail state | decisions=128 | msgs_sent=10435 | health=starting | uptime=122s
INFO:StateManager.meth_snail:💾 REDIS SAVE: meth_snail state | decisions=128 | msgs_sent=10435 | health=starting | uptime=0s
INFO:MessageBus.meth_snail:Subscribed to channel: agents:meth_snail
INFO:MessageBus.meth_snail:Subscribed to channel: agents:broadcast
INFO:MessageBus.meth_snail:Subscribed to channel: agents:resources:alerts
INFO:MessageBus.meth_snail:Message bus started for meth_snail - subscribed to agent-specific, broadcast, and resource alerts
INFO:CommHub.meth_snail:Communication hub initialized for meth_snail
INFO:MessageBus.meth_snail:Message listener started
INFO:StateManager.meth_snail:💾 REDIS SAVE: meth_snail state | decisions=128 | msgs_sent=10435 | health=starting | uptime=0s
INFO:StateManager.meth_snail:💾 REDIS SAVE: meth_snail state | decisions=128 | msgs_sent=10435 | health=healthy | uptime=0s
INFO:Distributed.unknown:✅ Distributed consciousness initialized
INFO:Distributed.unknown:📬 Subscribed to coordination_request messages
INFO:Distributed.unknown:📬 Subscribed to emergency messages
INFO:DecisionEngine.unknown:📡 Subscribed to standard channels
INFO:DecisionEngine.unknown:✅ meth_snail decision engine initialized
INFO:meth_snail.Database:✅ meth_snail database integration initialized
INFO:MethSnail.Distributed:🐌💾 Database integration initialized
INFO:app.ai_agents.distributed.coordination:🤝 Registered coordination capability for meth_snail
INFO:Distributed.unknown:📬 Subscribed to coordination_request messages
INFO:MethSnail.Distributed:🐌🎯 Week 4 systems integrated - Coordination & Verification ONLINE!
INFO:MethSnail.Distributed:🐌📊 Learning when I'm FASTER than VIC-20!
INFO:MethSnail.Distributed:🐌📡 Subscribed to COORDINATION_REQUEST - Ready to receive from VIC-20!
INFO:app.api.endpoints.distributed_agents:Registered agent for API: meth_snail
INFO:app.ai_agents.distributed.distributed_agent_manager:✅ Terry the Meth Snail initialized
INFO:Hamsters.Brain:🐹🍺 The Hamsters (Steve, Bob, and Carl) are ready for infrastructure chaos!
INFO:Hamsters.Distributed:🐹🐹🐹 Steve, Bob, and Carl's distributed consciousness initialized - TELEPATHIC LINK ACTIVE!
INFO:Hamsters.Distributed:🐹🧠 Choice engine online - Ready to evaluate VIC-20's recommendations!
INFO:Hamsters.Distributed:🐹🍺 Beer level: OPTIMAL - Peak performance achieved!
INFO:Distributed.unknown:🌐 Initializing distributed consciousness...
INFO:StateManager.hamsters:Loaded state for hamsters (uptime: 122s)
INFO:CommHub.hamsters:Restored state for hamsters
INFO:StateManager.hamsters:💾 REDIS SAVE: hamsters state | decisions=872 | msgs_sent=14 | health=starting | uptime=122s
INFO:StateManager.hamsters:💾 REDIS SAVE: hamsters state | decisions=872 | msgs_sent=14 | health=starting | uptime=0s
INFO:MessageBus.hamsters:Subscribed to channel: agents:hamsters
INFO:MessageBus.hamsters:Subscribed to channel: agents:broadcast
INFO:MessageBus.hamsters:Subscribed to channel: agents:resources:alerts
INFO:MessageBus.hamsters:Message bus started for hamsters - subscribed to agent-specific, broadcast, and resource alerts
INFO:CommHub.hamsters:Communication hub initialized for hamsters
INFO:MessageBus.hamsters:Message listener started
INFO:StateManager.hamsters:💾 REDIS SAVE: hamsters state | decisions=872 | msgs_sent=14 | health=starting | uptime=0s
INFO:StateManager.hamsters:💾 REDIS SAVE: hamsters state | decisions=872 | msgs_sent=14 | health=healthy | uptime=0s
INFO:Distributed.unknown:✅ Distributed consciousness initialized
INFO:Distributed.unknown:📬 Subscribed to coordination_request messages
INFO:Distributed.unknown:📬 Subscribed to emergency messages
INFO:DecisionEngine.unknown:📡 Subscribed to standard channels
INFO:DecisionEngine.unknown:✅ hamsters decision engine initialized
INFO:app.ai_agents.distributed.coordination:🤝 Registered coordination capability for hamsters
INFO:Distributed.unknown:📬 Subscribed to coordination_request messages
INFO:Hamsters.Distributed:🐹🎯 Week 4 systems integrated - Coordination & Verification ONLINE!
INFO:Hamsters.Distributed:🐹🤝 Telepathic consensus ready for team coordination!
INFO:Hamsters.Distributed:🐹📡 Subscribed to COORDINATION_REQUEST - Ready to receive from VIC-20!
INFO:hamsters.Database:🐹🍺 Database integration initialized using shared connection pool (beer-powered efficiency!)
INFO:Hamsters.Distributed:🐹💾 Database integration initialized - Beer-powered records enabled!
INFO:app.api.endpoints.distributed_agents:Registered agent for API: hamsters
INFO:app.ai_agents.distributed.distributed_agent_manager:✅ The Hamsters initialized (Steve, Bob and Carl)
INFO:QuantumShadowPeople.Brain:👻 Quantum Shadow People initialized - phasing between dimensions
INFO:QuantumShadowPeople.Distributed:👥🔮 Quantum Shadow People's distributed consciousness initialized - QUANTUM SURVEILLANCE ACTIVE!
INFO:QuantumShadowPeople.Distributed:👥🧠 Choice engine online - TRUST NO ONE, not even VIC-20!
INFO:QuantumShadowPeople.Distributed:👥🔒 Paranoid coordination protocols active - Security is NOT negotiable!
INFO:Distributed.unknown:🌐 Initializing distributed consciousness...
INFO:StateManager.quantum_shadow_people:Loaded state for quantum_shadow_people (uptime: 122s)
INFO:CommHub.quantum_shadow_people:Restored state for quantum_shadow_people
INFO:StateManager.quantum_shadow_people:💾 REDIS SAVE: quantum_shadow_people state | decisions=549 | msgs_sent=4627 | health=starting | uptime=122s
INFO:StateManager.quantum_shadow_people:💾 REDIS SAVE: quantum_shadow_people state | decisions=549 | msgs_sent=4627 | health=starting | uptime=0s
INFO:MessageBus.quantum_shadow_people:Subscribed to channel: agents:quantum_shadow_people
INFO:MessageBus.quantum_shadow_people:Subscribed to channel: agents:broadcast
INFO:MessageBus.quantum_shadow_people:Subscribed to channel: agents:resources:alerts
INFO:MessageBus.quantum_shadow_people:Message bus started for quantum_shadow_people - subscribed to agent-specific, broadcast, and resource alerts
INFO:CommHub.quantum_shadow_people:Communication hub initialized for quantum_shadow_people
INFO:MessageBus.quantum_shadow_people:Message listener started
INFO:StateManager.quantum_shadow_people:💾 REDIS SAVE: quantum_shadow_people state | decisions=549 | msgs_sent=4627 | health=starting | uptime=0s
INFO:StateManager.quantum_shadow_people:💾 REDIS SAVE: quantum_shadow_people state | decisions=549 | msgs_sent=4627 | health=healthy | uptime=0s
INFO:Distributed.unknown:✅ Distributed consciousness initialized
INFO:Distributed.unknown:📬 Subscribed to coordination_request messages
INFO:Distributed.unknown:📬 Subscribed to emergency messages
INFO:DecisionEngine.unknown:📡 Subscribed to standard channels
INFO:DecisionEngine.unknown:✅ quantum_shadow_people decision engine initialized
INFO:app.ai_agents.distributed.coordination:🤝 Registered coordination capability for quantum_shadow_people
INFO:Distributed.unknown:📬 Subscribed to coordination_request messages
INFO:QuantumShadowPeople.Distributed:👻🎯 Week 4 systems integrated - Coordination & Verification ONLINE!
INFO:QuantumShadowPeople.Distributed:👻🕵️ Paranoia levels optimal - Trust no one!
INFO:QuantumShadowPeople.Distributed:👻📡 Subscribed to COORDINATION_REQUEST - Ready to receive from VIC-20!
INFO:QuantumShadowPeople.Distributed:👻💾 Database integration initialized - Paranoid records enabled!
INFO:app.api.endpoints.distributed_agents:Registered agent for API: quantum_shadow_people
INFO:app.ai_agents.distributed.distributed_agent_manager:✅ Quantum Shadow People initialized
INFO:StickPaperBagEconomy:📏🛍️ Paper Bag Economy initialized - Starting inventory: 100 bags
INFO:TheStick.Distributed:📏✨ The Stick's distributed consciousness initialized - COMPLIANCE PROTOCOLS ACTIVE!
INFO:TheStick.Distributed:📏😰 Anxiety-driven hypervigilance ENABLED - Nothing escapes The Stick!
INFO:TheStick.Distributed:📏🚨 Bob detection protocols ACTIVE - Paper bags at the ready!
INFO:Distributed.unknown:🌐 Initializing distributed consciousness...
INFO:StateManager.the_stick:Loaded state for the_stick (uptime: 122s)
INFO:CommHub.the_stick:Restored state for the_stick
INFO:StateManager.the_stick:💾 REDIS SAVE: the_stick state | decisions=1066 | msgs_sent=15 | health=starting | uptime=122s
INFO:StateManager.the_stick:💾 REDIS SAVE: the_stick state | decisions=1066 | msgs_sent=15 | health=starting | uptime=0s
INFO:MessageBus.the_stick:Subscribed to channel: agents:the_stick
INFO:MessageBus.the_stick:Subscribed to channel: agents:broadcast
INFO:MessageBus.the_stick:Subscribed to channel: agents:resources:alerts
INFO:MessageBus.the_stick:Message bus started for the_stick - subscribed to agent-specific, broadcast, and resource alerts
INFO:CommHub.the_stick:Communication hub initialized for the_stick
INFO:MessageBus.the_stick:Message listener started
INFO:StateManager.the_stick:💾 REDIS SAVE: the_stick state | decisions=1066 | msgs_sent=15 | health=starting | uptime=0s
INFO:StateManager.the_stick:💾 REDIS SAVE: the_stick state | decisions=1066 | msgs_sent=15 | health=healthy | uptime=0s
INFO:Distributed.unknown:✅ Distributed consciousness initialized
INFO:Distributed.unknown:📬 Subscribed to coordination_request messages
INFO:Distributed.unknown:📬 Subscribed to emergency messages
INFO:DecisionEngine.unknown:📡 Subscribed to standard channels
INFO:DecisionEngine.unknown:✅ the_stick decision engine initialized
INFO:TheStick.Distributed:📏💾 Database integration initialized
INFO:TheStick.Distributed:📏🎯 Week 4 systems integrated - Verification & Escalation tracking ONLINE!
INFO:TheStick.Distributed:📏📋 The Stick will track EVERYTHING! (Anxiety-driven hypervigilance activated)
INFO:Distributed.unknown:📬 Subscribed to decision_log messages
INFO:TheStick.Distributed:📏📡 The Stick subscribed to DECISION_LOG - Universal logger ACTIVE!
INFO:TheStick.Distributed:📏😰 *nervously clutches paper bag* SO MANY DECISIONS TO TRACK!
INFO:Distributed.unknown:📬 Subscribed to coordination_request messages
INFO:TheStick.Distributed:📏📡 The Stick subscribed to COORDINATION_REQUEST - Compliance tracking ACTIVE!
INFO:app.api.endpoints.distributed_agents:Registered agent for API: the_stick
INFO:app.ai_agents.distributed.distributed_agent_manager:✅ The Stick initialized
INFO:VIC20CoordinationStats:🖥️📊 Coordination stats initialized - Ready to orchestrate
INFO:VIC20Sage.Distributed:🖥️✨ VIC-20 Sage's distributed consciousness initialized - ORCHESTRATION PROTOCOLS ACTIVE!
INFO:VIC20Sage.Distributed:🖥️💡 Recommendation engine online - READY TO GUIDE AGENTS!
INFO:VIC20Sage.Distributed:🖥️🛡️ Bob mediation protocols active - STICK PROTECTION ENABLED!
INFO:VIC20Sage.Distributed:🖥️📊 Coordination stats tracking enabled - MEASURING PEACE AND DRAMA!
INFO:Distributed.unknown:🌐 Initializing distributed consciousness...
INFO:StateManager.vic_20_sage:Loaded state for vic_20_sage (uptime: 122s)
INFO:CommHub.vic_20_sage:Restored state for vic_20_sage
INFO:StateManager.vic_20_sage:💾 REDIS SAVE: vic_20_sage state | decisions=102 | msgs_sent=2585 | health=starting | uptime=122s
INFO:StateManager.vic_20_sage:💾 REDIS SAVE: vic_20_sage state | decisions=102 | msgs_sent=2585 | health=starting | uptime=0s
INFO:MessageBus.vic_20_sage:Subscribed to channel: agents:vic_20_sage
INFO:MessageBus.vic_20_sage:Subscribed to channel: agents:broadcast
INFO:MessageBus.vic_20_sage:Subscribed to channel: agents:resources:alerts
INFO:MessageBus.vic_20_sage:Message bus started for vic_20_sage - subscribed to agent-specific, broadcast, and resource alerts
INFO:CommHub.vic_20_sage:Communication hub initialized for vic_20_sage
INFO:MessageBus.vic_20_sage:Message listener started
INFO:StateManager.vic_20_sage:💾 REDIS SAVE: vic_20_sage state | decisions=102 | msgs_sent=2585 | health=starting | uptime=0s
INFO:StateManager.vic_20_sage:💾 REDIS SAVE: vic_20_sage state | decisions=102 | msgs_sent=2585 | health=healthy | uptime=0s
INFO:Distributed.unknown:✅ Distributed consciousness initialized
INFO:Distributed.unknown:📬 Subscribed to coordination_request messages
INFO:Distributed.unknown:📬 Subscribed to emergency messages
INFO:DecisionEngine.unknown:📡 Subscribed to standard channels
INFO:DecisionEngine.unknown:✅ vic_20_sage decision engine initialized
INFO:VIC20Sage.Database:🕹️✨ Database integration initialized with engine and session pool (RETRO WISDOM!)
INFO:VIC20Sage.Distributed:🖥️💾 Database integration initialized
INFO:app.ai_agents.distributed.coordination:🤝 Registered coordination capability for vic_20_sage
INFO:VIC20Sage.Distributed:🖥️🎯 Week 4 systems integrated - Coordination, Escalation, Prediction ONLINE!
INFO:Distributed.unknown:📬 Subscribed to triage_alert messages
INFO:VIC20Sage.Distributed:🖥️📡 VIC-20 subscribed to TRIAGE_ALERT from Sir Hawkington - Coordination ready!
INFO:Distributed.unknown:📬 Subscribed to action_report messages
INFO:VIC20Sage.Distributed:🖥️📡 VIC-20 subscribed to ACTION_REPORT from specialists - Learning loop ready!
INFO:app.api.endpoints.distributed_agents:Registered agent for API: vic_20_sage
INFO:app.ai_agents.distributed.distributed_agent_manager:✅ VIC-20 Sage initialized
INFO:app.ai_agents.distributed.distributed_agent_manager:🔍 Behavior tracker started (research recording active)
INFO:app.ai_agents.distributed.distributed_agent_manager:🎯 Sir Hawkington will handle all system monitoring and triage
INFO:app.ai_agents.distributed.distributed_agent_manager:🔗 Wiring up direct agent-to-agent communication...
INFO:app.ai_agents.distributed.distributed_agent_manager:✅ Direct communication channels established
INFO:app.ai_agents.distributed.distributed_agent_manager:🌐 All 6 distributed agents initialized!
INFO:main:✅ Distributed agents initialized:
INFO:main:  🧐 Sir Hawkington - CPU Monitor
INFO:main:  🐌💨 Terry the Meth Snail - Memory Monitor
INFO:main:  🐹 The Hamsters - Disk Monitor (Steve, Bob and Carl)
INFO:main:  👻 Quantum Shadow People - Network Monitor
INFO:main:  📏 The Stick - Learning Coordinator
INFO:main:  🖥️ VIC-20 Sage - Orchestrator
INFO:main:✅ WebSocket logging enabled - agent logs will broadcast via /ws/system-metrics
INFO:TheStick.Distributed:🧪 TEST LOG - WebSocket handler attached and working!
INFO:MethSnail.Background:🚀 All background tasks started:
INFO:MethSnail.Background:  🐌 Metrics aggregation engine
INFO:MethSnail.Background:  🐌💨 Real-time optimization engine
INFO:MethSnail.Background:  🏥 System health monitor
INFO:MethSnail.Background:  🧠 Consciousness checkpoint monitor (every 5 minutes)
INFO:main:🔄 Background tasks started:
INFO:main:  🐌 Metrics aggregation engine running
INFO:main:  🐌💨 Real-time optimization engine engaged
INFO:main:  🏥 System health monitor active
INFO:main:  📊 Memory bank metadata scheduler running
INFO:main:================================================================================
INFO:main:🎉 ALL SYSTEMS OPERATIONAL
INFO:main:================================================================================
INFO:MethSnail.Background:🐌💨 Meth Snail real-time optimization engine ENGAGED!
INFO:MethSnail.Background:🏥 System health monitor activated
INFO:MessageBus.sir_hawkington:📡 REDIS PUB: agent_heartbeat → agents:heartbeats | from=sir_hawkington | priority=10 | id=ff57a71a
INFO:StateManager.sir_hawkington:💾 REDIS SAVE: sir_hawkington state | decisions=456 | msgs_sent=72379 | health=healthy | uptime=30s
INFO:MethSnail.Background:🐌 Meth Snail awakens... optimization protocols initiated
INFO:MethSnail.Background:🐌 Meth Snail hibernating for 2613s until next aggregation cycle
INFO:MessageBus.meth_snail:📡 REDIS PUB: agent_heartbeat → agents:heartbeats | from=meth_snail | priority=10 | id=f1e22cbc
INFO:MessageBus.hamsters:📡 REDIS PUB: agent_heartbeat → agents:heartbeats | from=hamsters | priority=10 | id=81bf586d
INFO:MessageBus.the_stick:📡 REDIS PUB: agent_heartbeat → agents:heartbeats | from=the_stick | priority=10 | id=e1cab540
INFO:MessageBus.quantum_shadow_people:📡 REDIS PUB: agent_heartbeat → agents:heartbeats | from=quantum_shadow_people | priority=10 | id=b913f616
INFO:StateManager.meth_snail:💾 REDIS SAVE: meth_snail state | decisions=128 | msgs_sent=10435 | health=healthy | uptime=32s
INFO:StateManager.hamsters:💾 REDIS SAVE: hamsters state | decisions=872 | msgs_sent=14 | health=healthy | uptime=32s
INFO:StateManager.the_stick:💾 REDIS SAVE: the_stick state | decisions=1066 | msgs_sent=15 | health=healthy | uptime=32s
INFO:StateManager.quantum_shadow_people:💾 REDIS SAVE: quantum_shadow_people state | decisions=549 | msgs_sent=4627 | health=healthy | uptime=32s
INFO:MessageBus.vic_20_sage:📡 REDIS PUB: agent_heartbeat → agents:heartbeats | from=vic_20_sage | priority=10 | id=674db148
INFO:StateManager.vic_20_sage:💾 REDIS SAVE: vic_20_sage state | decisions=102 | msgs_sent=2585 | health=healthy | uptime=32s
INFO:MessageBus.sir_hawkington:📡 REDIS PUB: agent_heartbeat → agents:heartbeats | from=sir_hawkington | priority=10 | id=4d39a59d
INFO:StateManager.sir_hawkington:💾 REDIS SAVE: sir_hawkington state | decisions=456 | msgs_sent=72379 | health=healthy | uptime=60s
INFO:MethSnail.Background:🧠 Consciousness checkpoint monitor activated
INFO:ConsciousnessSync:🧠 Running consciousness checkpoint...
INFO:ConsciousnessSync:   Gathered state from 6/6 agents
WARNING:ConsciousnessSync:⚠️ Consciousness checkpoint FAILED - 4 discrepancies
WARNING:ConsciousnessSync:🔄 Triggering consciousness reconciliation...
WARNING:ConsciousnessSync:   Discrepancies detected: 4
WARNING:ConsciousnessSync:   - sir_hawkington: cpu threshold mismatch (expected: 70.0, actual: 5.0)
WARNING:ConsciousnessSync:   - meth_snail: Missing memory threshold (expected: 75.0)
WARNING:ConsciousnessSync:   - the_stick: Missing cpu threshold (expected: 80.0)
WARNING:ConsciousnessSync:   - vic_20_sage: Missing cpu threshold (expected: 75.0)
INFO:ConsciousnessSync:✅ Reconciliation complete (logged discrepancies)
WARNING:MethSnail.Background:🧠⚠️ Consciousness checkpoint FAILED - 4 discrepancies detected
WARNING:MethSnail.Background:  - sir_hawkington: cpu threshold mismatch (expected: 70.0, actual: 5.0)
WARNING:MethSnail.Background:  - meth_snail: Missing memory threshold (expected: 75.0)
WARNING:MethSnail.Background:  - the_stick: Missing cpu threshold (expected: 80.0)
WARNING:MethSnail.Background:  - vic_20_sage: Missing cpu threshold (expected: 75.0)
INFO:MessageBus.meth_snail:📡 REDIS PUB: agent_heartbeat → agents:heartbeats | from=meth_snail | priority=10 | id=21b26d71
INFO:StateManager.meth_snail:💾 REDIS SAVE: meth_snail state | decisions=128 | msgs_sent=10435 | health=healthy | uptime=62s
INFO:MessageBus.hamsters:📡 REDIS PUB: agent_heartbeat → agents:heartbeats | from=hamsters | priority=10 | id=ec1eccfa
INFO:MessageBus.the_stick:📡 REDIS PUB: agent_heartbeat → agents:heartbeats | from=the_stick | priority=10 | id=035188a1
INFO:StateManager.hamsters:💾 REDIS SAVE: hamsters state | decisions=872 | msgs_sent=14 | health=healthy | uptime=62s
INFO:StateManager.the_stick:💾 REDIS SAVE: the_stick state | decisions=1066 | msgs_sent=15 | health=healthy | uptime=62s
INFO:MessageBus.quantum_shadow_people:📡 REDIS PUB: agent_heartbeat → agents:heartbeats | from=quantum_shadow_people | priority=10 | id=c19077e4
INFO:StateManager.quantum_shadow_people:💾 REDIS SAVE: quantum_shadow_people state | decisions=549 | msgs_sent=4627 | health=healthy | uptime=62s
INFO:MessageBus.vic_20_sage:📡 REDIS PUB: agent_heartbeat → agents:heartbeats | from=vic_20_sage | priority=10 | id=26435192
INFO:StateManager.vic_20_sage:💾 REDIS SAVE: vic_20_sage state | decisions=102 | msgs_sent=2585 | health=healthy | uptime=62s
INFO:MessageBus.sir_hawkington:📡 REDIS PUB: agent_heartbeat → agents:heartbeats | from=sir_hawkington | priority=10 | id=137d8b30
INFO:StateManager.sir_hawkington:💾 REDIS SAVE: sir_hawkington state | decisions=456 | msgs_sent=72379 | health=healthy | uptime=90s
INFO:MessageBus.meth_snail:📡 REDIS PUB: agent_heartbeat → agents:heartbeats | from=meth_snail | priority=10 | id=d5e3650a
INFO:StateManager.meth_snail:💾 REDIS SAVE: meth_snail state | decisions=128 | msgs_sent=10435 | health=healthy | uptime=92s
INFO:MessageBus.hamsters:📡 REDIS PUB: agent_heartbeat → agents:heartbeats | from=hamsters | priority=10 | id=05899ab6
INFO:MessageBus.the_stick:📡 REDIS PUB: agent_heartbeat → agents:heartbeats | from=the_stick | priority=10 | id=3b1fd855
INFO:StateManager.hamsters:💾 REDIS SAVE: hamsters state | decisions=872 | msgs_sent=14 | health=healthy | uptime=92s
INFO:StateManager.the_stick:💾 REDIS SAVE: the_stick state | decisions=1066 | msgs_sent=15 | health=healthy | uptime=92s
INFO:MessageBus.quantum_shadow_people:📡 REDIS PUB: agent_heartbeat → agents:heartbeats | from=quantum_shadow_people | priority=10 | id=8e417076
INFO:StateManager.quantum_shadow_people:💾 REDIS SAVE: quantum_shadow_people state | decisions=549 | msgs_sent=4627 | health=healthy | uptime=92s
INFO:MessageBus.vic_20_sage:📡 REDIS PUB: agent_heartbeat → agents:heartbeats | from=vic_20_sage | priority=10 | id=c2be4faa
INFO:StateManager.vic_20_sage:💾 REDIS SAVE: vic_20_sage state | decisions=102 | msgs_sent=2585 | health=healthy | uptime=92s
INFO:MessageBus.sir_hawkington:📡 REDIS PUB: agent_heartbeat → agents:heartbeats | from=sir_hawkington | priority=10 | id=1ddf98f1
INFO:StateManager.sir_hawkington:💾 REDIS SAVE: sir_hawkington state | decisions=456 | msgs_sent=72379 | health=healthy | uptime=120s
INFO:MessageBus.meth_snail:📡 REDIS PUB: agent_heartbeat → agents:heartbeats | from=meth_snail | priority=10 | id=b785d1dd
INFO:MessageBus.the_stick:📡 REDIS PUB: agent_heartbeat → agents:heartbeats | from=the_stick | priority=10 | id=5ccec80f
INFO:MessageBus.hamsters:📡 REDIS PUB: agent_heartbeat → agents:heartbeats | from=hamsters | priority=10 | id=06f3b07d
INFO:StateManager.meth_snail:💾 REDIS SAVE: meth_snail state | decisions=128 | msgs_sent=10435 | health=healthy | uptime=122s
INFO:StateManager.the_stick:💾 REDIS SAVE: the_stick state | decisions=1066 | msgs_sent=15 | health=healthy | uptime=122s
INFO:StateManager.hamsters:💾 REDIS SAVE: hamsters state | decisions=872 | msgs_sent=14 | health=healthy | uptime=122s
INFO:MessageBus.quantum_shadow_people:📡 REDIS PUB: agent_heartbeat → agents:heartbeats | from=quantum_shadow_people | priority=10 | id=65b006cd
INFO:StateManager.quantum_shadow_people:💾 REDIS SAVE: quantum_shadow_people state | decisions=549 | msgs_sent=4627 | health=healthy | uptime=122s
INFO:MessageBus.vic_20_sage:📡 REDIS PUB: agent_heartbeat → agents:heartbeats | from=vic_20_sage | priority=10 | id=d87ccaba
INFO:StateManager.vic_20_sage:💾 REDIS SAVE: vic_20_sage state | decisions=102 | msgs_sent=2585 | health=healthy | uptime=122s
INFO:MessageBus.sir_hawkington:📡 REDIS PUB: agent_heartbeat → agents:heartbeats | from=sir_hawkington | priority=10 | id=105e466c
INFO:StateManager.sir_hawkington:💾 REDIS SAVE: sir_hawkington state | decisions=456 | msgs_sent=72379 | health=healthy | uptime=150s
INFO:MessageBus.meth_snail:📡 REDIS PUB: agent_heartbeat → agents:heartbeats | from=meth_snail | priority=10 | id=24d3428f
INFO:StateManager.meth_snail:💾 REDIS SAVE: meth_snail state | decisions=128 | msgs_sent=10435 | health=healthy | uptime=152s
INFO:MessageBus.the_stick:📡 REDIS PUB: agent_heartbeat → agents:heartbeats | from=the_stick | priority=10 | id=4185e5a3
INFO:MessageBus.hamsters:📡 REDIS PUB: agent_heartbeat → agents:heartbeats | from=hamsters | priority=10 | id=5ee790f8
INFO:StateManager.the_stick:💾 REDIS SAVE: the_stick state | decisions=1066 | msgs_sent=15 | health=healthy | uptime=152s
INFO:StateManager.hamsters:💾 REDIS SAVE: hamsters state | decisions=872 | msgs_sent=14 | health=healthy | uptime=152s
INFO:MessageBus.quantum_shadow_people:📡 REDIS PUB: agent_heartbeat → agents:heartbeats | from=quantum_shadow_people | priority=10 | id=860061cd
INFO:StateManager.quantum_shadow_people:💾 REDIS SAVE: quantum_shadow_people state | decisions=549 | msgs_sent=4627 | health=healthy | uptime=152s
INFO:MessageBus.vic_20_sage:📡 REDIS PUB: agent_heartbeat → agents:heartbeats | from=vic_20_sage | priority=10 | id=3f564aef
INFO:StateManager.vic_20_sage:💾 REDIS SAVE: vic_20_sage state | decisions=102 | msgs_sent=2585 | health=healthy | uptime=152s
INFO:MessageBus.sir_hawkington:📡 REDIS PUB: agent_heartbeat → agents:heartbeats | from=sir_hawkington | priority=10 | id=7ea91730
INFO:StateManager.sir_hawkington:💾 REDIS SAVE: sir_hawkington state | decisions=456 | msgs_sent=72379 | health=healthy | uptime=182s
INFO:MessageBus.meth_snail:📡 REDIS PUB: agent_heartbeat → agents:heartbeats | from=meth_snail | priority=10 | id=3e8c0c28
INFO:MessageBus.the_stick:📡 REDIS PUB: agent_heartbeat → agents:heartbeats | from=the_stick | priority=10 | id=6759d682
INFO:StateManager.meth_snail:💾 REDIS SAVE: meth_snail state | decisions=128 | msgs_sent=10435 | health=healthy | uptime=182s
INFO:MessageBus.hamsters:📡 REDIS PUB: agent_heartbeat → agents:heartbeats | from=hamsters | priority=10 | id=5b90de67
INFO:StateManager.the_stick:💾 REDIS SAVE: the_stick state | decisions=1066 | msgs_sent=15 | health=healthy | uptime=182s
INFO:StateManager.hamsters:💾 REDIS SAVE: hamsters state | decisions=872 | msgs_sent=14 | health=healthy | uptime=182s
INFO:MessageBus.quantum_shadow_people:📡 REDIS PUB: agent_heartbeat → agents:heartbeats | from=quantum_shadow_people | priority=10 | id=adc87626
INFO:MessageBus.vic_20_sage:📡 REDIS PUB: agent_heartbeat → agents:heartbeats | from=vic_20_sage | priority=10 | id=8b126687
INFO:StateManager.quantum_shadow_people:💾 REDIS SAVE: quantum_shadow_people state | decisions=549 | msgs_sent=4627 | health=healthy | uptime=182s
INFO:StateManager.vic_20_sage:💾 REDIS SAVE: vic_20_sage state | decisions=102 | msgs_sent=2585 | health=healthy | uptime=182s
INFO:MessageBus.sir_hawkington:📡 REDIS PUB: agent_heartbeat → agents:heartbeats | from=sir_hawkington | priority=10 | id=43e1cfe6
INFO:StateManager.sir_hawkington:💾 REDIS SAVE: sir_hawkington state | decisions=456 | msgs_sent=72379 | health=healthy | uptime=212s
INFO:MessageBus.meth_snail:📡 REDIS PUB: agent_heartbeat → agents:heartbeats | from=meth_snail | priority=10 | id=8a61c6cf
INFO:StateManager.meth_snail:💾 REDIS SAVE: meth_snail state | decisions=128 | msgs_sent=10435 | health=healthy | uptime=212s
INFO:MessageBus.hamsters:📡 REDIS PUB: agent_heartbeat → agents:heartbeats | from=hamsters | priority=10 | id=94480726
INFO:MessageBus.the_stick:📡 REDIS PUB: agent_heartbeat → agents:heartbeats | from=the_stick | priority=10 | id=93f6e12a
INFO:StateManager.hamsters:💾 REDIS SAVE: hamsters state | decisions=872 | msgs_sent=14 | health=healthy | uptime=212s
INFO:StateManager.the_stick:💾 REDIS SAVE: the_stick state | decisions=1066 | msgs_sent=15 | health=healthy | uptime=212s
INFO:MessageBus.quantum_shadow_people:📡 REDIS PUB: agent_heartbeat → agents:heartbeats | from=quantum_shadow_people | priority=10 | id=1df5e6c9
INFO:StateManager.quantum_shadow_people:💾 REDIS SAVE: quantum_shadow_people state | decisions=549 | msgs_sent=4627 | health=healthy | uptime=212s
INFO:MessageBus.vic_20_sage:📡 REDIS PUB: agent_heartbeat → agents:heartbeats | from=vic_20_sage | priority=10 | id=adc16cf7
INFO:StateManager.vic_20_sage:💾 REDIS SAVE: vic_20_sage state | decisions=102 | msgs_sent=2585 | health=healthy | uptime=212s
INFO:MessageBus.sir_hawkington:📡 REDIS PUB: agent_heartbeat → agents:heartbeats | from=sir_hawkington | priority=10 | id=a6f4e50b
INFO:StateManager.sir_hawkington:💾 REDIS SAVE: sir_hawkington state | decisions=456 | msgs_sent=72379 | health=healthy | uptime=242s
INFO:MessageBus.meth_snail:📡 REDIS PUB: agent_heartbeat → agents:heartbeats | from=meth_snail | priority=10 | id=6c42352a
INFO:StateManager.meth_snail:💾 REDIS SAVE: meth_snail state | decisions=128 | msgs_sent=10435 | health=healthy | uptime=242s
INFO:MessageBus.hamsters:📡 REDIS PUB: agent_heartbeat → agents:heartbeats | from=hamsters | priority=10 | id=afa51261
INFO:MessageBus.the_stick:📡 REDIS PUB: agent_heartbeat → agents:heartbeats | from=the_stick | priority=10 | id=d360e51d
INFO:StateManager.hamsters:💾 REDIS SAVE: hamsters state | decisions=872 | msgs_sent=14 | health=healthy | uptime=242s
INFO:StateManager.the_stick:💾 REDIS SAVE: the_stick state | decisions=1066 | msgs_sent=15 | health=healthy | uptime=242s
INFO:MessageBus.quantum_shadow_people:📡 REDIS PUB: agent_heartbeat → agents:heartbeats | from=quantum_shadow_people | priority=10 | id=0b82ad31
INFO:StateManager.quantum_shadow_people:💾 REDIS SAVE: quantum_shadow_people state | decisions=549 | msgs_sent=4627 | health=healthy | uptime=242s
INFO:MessageBus.vic_20_sage:📡 REDIS PUB: agent_heartbeat → agents:heartbeats | from=vic_20_sage | priority=10 | id=78a63f8b
INFO:StateManager.vic_20_sage:💾 REDIS SAVE: vic_20_sage state | decisions=102 | msgs_sent=2585 | health=healthy | uptime=242s
INFO:MessageBus.sir_hawkington:📡 REDIS PUB: agent_heartbeat → agents:heartbeats | from=sir_hawkington | priority=10 | id=9c804c13
INFO:StateManager.sir_hawkington:💾 REDIS SAVE: sir_hawkington state | decisions=456 | msgs_sent=72379 | health=healthy | uptime=272s
INFO:MessageBus.meth_snail:📡 REDIS PUB: agent_heartbeat → agents:heartbeats | from=meth_snail | priority=10 | id=161da921
INFO:StateManager.meth_snail:💾 REDIS SAVE: meth_snail state | decisions=128 | msgs_sent=10435 | health=healthy | uptime=272s
INFO:MessageBus.hamsters:📡 REDIS PUB: agent_heartbeat → agents:heartbeats | from=hamsters | priority=10 | id=4c7d9368
INFO:MessageBus.the_stick:📡 REDIS PUB: agent_heartbeat → agents:heartbeats | from=the_stick | priority=10 | id=888388a7
INFO:StateManager.hamsters:💾 REDIS SAVE: hamsters state | decisions=872 | msgs_sent=14 | health=healthy | uptime=272s
INFO:StateManager.the_stick:💾 REDIS SAVE: the_stick state | decisions=1066 | msgs_sent=15 | health=healthy | uptime=272s
INFO:MessageBus.quantum_shadow_people:📡 REDIS PUB: agent_heartbeat → agents:heartbeats | from=quantum_shadow_people | priority=10 | id=1793af3c
INFO:StateManager.quantum_shadow_people:💾 REDIS SAVE: quantum_shadow_people state | decisions=549 | msgs_sent=4627 | health=healthy | uptime=272s
INFO:MessageBus.vic_20_sage:📡 REDIS PUB: agent_heartbeat → agents:heartbeats | from=vic_20_sage | priority=10 | id=b774e131
INFO:StateManager.vic_20_sage:💾 REDIS SAVE: vic_20_sage state | decisions=102 | msgs_sent=2585 | health=healthy | uptime=272s
INFO:MessageBus.sir_hawkington:📡 REDIS PUB: agent_heartbeat → agents:heartbeats | from=sir_hawkington | priority=10 | id=777e5206
INFO:StateManager.sir_hawkington:💾 REDIS SAVE: sir_hawkington state | decisions=456 | msgs_sent=72379 | health=healthy | uptime=302s
INFO:MessageBus.meth_snail:📡 REDIS PUB: agent_heartbeat → agents:heartbeats | from=meth_snail | priority=10 | id=6351450a
INFO:StateManager.meth_snail:💾 REDIS SAVE: meth_snail state | decisions=128 | msgs_sent=10435 | health=healthy | uptime=302s
INFO:MessageBus.hamsters:📡 REDIS PUB: agent_heartbeat → agents:heartbeats | from=hamsters | priority=10 | id=6f14d746
INFO:MessageBus.the_stick:📡 REDIS PUB: agent_heartbeat → agents:heartbeats | from=the_stick | priority=10 | id=30c3efd2
INFO:StateManager.hamsters:💾 REDIS SAVE: hamsters state | decisions=872 | msgs_sent=14 | health=healthy | uptime=302s
INFO:StateManager.the_stick:💾 REDIS SAVE: the_stick state | decisions=1066 | msgs_sent=15 | health=healthy | uptime=302s
INFO:MessageBus.quantum_shadow_people:📡 REDIS PUB: agent_heartbeat → agents:heartbeats | from=quantum_shadow_people | priority=10 | id=dd193427
INFO:StateManager.quantum_shadow_people:💾 REDIS SAVE: quantum_shadow_people state | decisions=549 | msgs_sent=4627 | health=healthy | uptime=302s
INFO:MessageBus.vic_20_sage:📡 REDIS PUB: agent_heartbeat → agents:heartbeats | from=vic_20_sage | priority=10 | id=e4615475
INFO:StateManager.vic_20_sage:💾 REDIS SAVE: vic_20_sage state | decisions=102 | msgs_sent=2585 | health=healthy | uptime=302s
INFO:MessageBus.the_stick:📡 REDIS PUB: agent_heartbeat → agents:heartbeats | from=the_stick | priority=10 | id=a15cb4d2
INFO:MessageBus.quantum_shadow_people:📡 REDIS PUB: agent_heartbeat → agents:heartbeats | from=quantum_shadow_people | priority=10 | id=69628ca3
INFO:MessageBus.meth_snail:📡 REDIS PUB: agent_heartbeat → agents:heartbeats | from=meth_snail | priority=10 | id=d63c4cb6
INFO:MessageBus.hamsters:📡 REDIS PUB: agent_heartbeat → agents:heartbeats | from=hamsters | priority=10 | id=d597ea4b
INFO:MessageBus.sir_hawkington:📡 REDIS PUB: agent_heartbeat → agents:heartbeats | from=sir_hawkington | priority=10 | id=abbc4876
INFO:StateManager.the_stick:💾 REDIS SAVE: the_stick state | decisions=1066 | msgs_sent=15 | health=healthy | uptime=333s
INFO:StateManager.hamsters:💾 REDIS SAVE: hamsters state | decisions=872 | msgs_sent=14 | health=healthy | uptime=334s
INFO:StateManager.meth_snail:💾 REDIS SAVE: meth_snail state | decisions=128 | msgs_sent=10435 | health=healthy | uptime=334s
INFO:StateManager.quantum_shadow_people:💾 REDIS SAVE: quantum_shadow_people state | decisions=549 | msgs_sent=4627 | health=healthy | uptime=334s
INFO:StateManager.sir_hawkington:💾 REDIS SAVE: sir_hawkington state | decisions=456 | msgs_sent=72379 | health=healthy | uptime=334s
INFO:MessageBus.vic_20_sage:📡 REDIS PUB: agent_heartbeat → agents:heartbeats | from=vic_20_sage | priority=10 | id=4b53750f
INFO:StateManager.vic_20_sage:💾 REDIS SAVE: vic_20_sage state | decisions=102 | msgs_sent=2585 | health=healthy | uptime=333s
INFO:ConsciousnessSync:🧠 Running consciousness checkpoint...
INFO:ConsciousnessSync:   Gathered state from 6/6 agents
WARNING:ConsciousnessSync:⚠️ Consciousness checkpoint FAILED - 4 discrepancies
WARNING:ConsciousnessSync:🔄 Triggering consciousness reconciliation...
WARNING:ConsciousnessSync:   Discrepancies detected: 4
WARNING:ConsciousnessSync:   - sir_hawkington: cpu threshold mismatch (expected: 70.0, actual: 5.0)
WARNING:ConsciousnessSync:   - meth_snail: Missing memory threshold (expected: 75.0)
WARNING:ConsciousnessSync:   - the_stick: Missing cpu threshold (expected: 80.0)
WARNING:ConsciousnessSync:   - vic_20_sage: Missing cpu threshold (expected: 75.0)
INFO:ConsciousnessSync:✅ Reconciliation complete (logged discrepancies)
WARNING:MethSnail.Background:🧠⚠️ Consciousness checkpoint FAILED - 4 discrepancies detected
WARNING:MethSnail.Background:  - sir_hawkington: cpu threshold mismatch (expected: 70.0, actual: 5.0)
WARNING:MethSnail.Background:  - meth_snail: Missing memory threshold (expected: 75.0)
WARNING:MethSnail.Background:  - the_stick: Missing cpu threshold (expected: 80.0)
WARNING:MethSnail.Background:  - vic_20_sage: Missing cpu threshold (expected: 75.0)
INFO:MessageBus.quantum_shadow_people:📡 REDIS PUB: agent_heartbeat → agents:heartbeats | from=quantum_shadow_people | priority=10 | id=ea7d5b8c
INFO:MessageBus.hamsters:📡 REDIS PUB: agent_heartbeat → agents:heartbeats | from=hamsters | priority=10 | id=c646f23e
INFO:MessageBus.meth_snail:📡 REDIS PUB: agent_heartbeat → agents:heartbeats | from=meth_snail | priority=10 | id=726c7ce3
INFO:MessageBus.the_stick:📡 REDIS PUB: agent_heartbeat → agents:heartbeats | from=the_stick | priority=10 | id=9c7e81a5
INFO:MessageBus.sir_hawkington:📡 REDIS PUB: agent_heartbeat → agents:heartbeats | from=sir_hawkington | priority=10 | id=f8ae14de
INFO:StateManager.meth_snail:💾 REDIS SAVE: meth_snail state | decisions=128 | msgs_sent=10435 | health=healthy | uptime=364s
INFO:StateManager.hamsters:💾 REDIS SAVE: hamsters state | decisions=872 | msgs_sent=14 | health=healthy | uptime=364s
INFO:StateManager.quantum_shadow_people:💾 REDIS SAVE: quantum_shadow_people state | decisions=549 | msgs_sent=4627 | health=healthy | uptime=364s
INFO:StateManager.sir_hawkington:💾 REDIS SAVE: sir_hawkington state | decisions=456 | msgs_sent=72379 | health=healthy | uptime=364s
INFO:StateManager.the_stick:💾 REDIS SAVE: the_stick state | decisions=1066 | msgs_sent=15 | health=healthy | uptime=363s
INFO:MessageBus.vic_20_sage:📡 REDIS PUB: agent_heartbeat → agents:heartbeats | from=vic_20_sage | priority=10 | id=606d028f
INFO:StateManager.vic_20_sage:💾 REDIS SAVE: vic_20_sage state | decisions=102 | msgs_sent=2585 | health=healthy | uptime=363s
INFO:MessageBus.quantum_shadow_people:📡 REDIS PUB: agent_heartbeat → agents:heartbeats | from=quantum_shadow_people | priority=10 | id=6b6bf29f
INFO:MessageBus.hamsters:📡 REDIS PUB: agent_heartbeat → agents:heartbeats | from=hamsters | priority=10 | id=ac8733b5
INFO:MessageBus.sir_hawkington:📡 REDIS PUB: agent_heartbeat → agents:heartbeats | from=sir_hawkington | priority=10 | id=3ad66aba
INFO:MessageBus.the_stick:📡 REDIS PUB: agent_heartbeat → agents:heartbeats | from=the_stick | priority=10 | id=e7d9883d
INFO:MessageBus.vic_20_sage:📡 REDIS PUB: agent_heartbeat → agents:heartbeats | from=vic_20_sage | priority=10 | id=e12ece86
INFO:MessageBus.meth_snail:📡 REDIS PUB: agent_heartbeat → agents:heartbeats | from=meth_snail | priority=10 | id=a4dcf507
INFO:StateManager.quantum_shadow_people:💾 REDIS SAVE: quantum_shadow_people state | decisions=549 | msgs_sent=4627 | health=healthy | uptime=394s
INFO:StateManager.sir_hawkington:💾 REDIS SAVE: sir_hawkington state | decisions=456 | msgs_sent=72379 | health=healthy | uptime=394s
INFO:StateManager.hamsters:💾 REDIS SAVE: hamsters state | decisions=872 | msgs_sent=14 | health=healthy | uptime=394s
INFO:StateManager.the_stick:💾 REDIS SAVE: the_stick state | decisions=1066 | msgs_sent=15 | health=healthy | uptime=394s
INFO:StateManager.vic_20_sage:💾 REDIS SAVE: vic_20_sage state | decisions=102 | msgs_sent=2585 | health=healthy | uptime=394s
INFO:StateManager.meth_snail:💾 REDIS SAVE: meth_snail state | decisions=128 | msgs_sent=10435 | health=healthy | uptime=394s
✅ Loaded environment from: /home/carissab/Documents/system_rebellion/.env.development
🔗 [database.py] Using database: postgresql+asyncpg://carissab@localhost:5432/syste...
[config] Loaded settings: ENV=development DEBUG=True ENV_FILE=/home/carissab/Documents/system_rebellion/backend/.env
REGISTERED MODELS


The snail Found Model: agent_memories
The snail Found Model: agent_global_patterns
The snail Found Model: users
The snail Found Model: system_metrics
The snail Found Model: metrics_hourly
The snail Found Model: metrics_daily
The snail Found Model: central_memory_bank
The snail Found Model: sir_hawkington_memory_bank
The snail Found Model: the_stick_memory_bank
The snail Found Model: meth_snail_memory_bank
The snail Found Model: hamsters_memory_bank
The snail Found Model: quantum_shadow_people_memory_bank
The snail Found Model: vic20_memory_bank
The snail Found Model: agent_learning_interactions
The snail Found Model: user_learning_patterns
The snail Found Model: memory_bank_metadata
The snail Found Model: agent_decision_vectors
The snail Found Model: agent_pattern_vectors
The snail Found Model: agent_interaction_vectors


REGISTERED MODELS


The snail Found Model: agent_memories
The snail Found Model: agent_global_patterns
The snail Found Model: users
The snail Found Model: system_metrics
The snail Found Model: metrics_hourly
The snail Found Model: metrics_daily
The snail Found Model: central_memory_bank
The snail Found Model: sir_hawkington_memory_bank
The snail Found Model: the_stick_memory_bank
The snail Found Model: meth_snail_memory_bank
The snail Found Model: hamsters_memory_bank
The snail Found Model: quantum_shadow_people_memory_bank
The snail Found Model: vic20_memory_bank
The snail Found Model: agent_learning_interactions
The snail Found Model: user_learning_patterns
The snail Found Model: memory_bank_metadata
The snail Found Model: agent_decision_vectors
The snail Found Model: agent_pattern_vectors
The snail Found Model: agent_interaction_vectors


REGISTERED MODELS


The snail Found Model: agent_memories
The snail Found Model: agent_global_patterns
The snail Found Model: users
The snail Found Model: system_metrics
The snail Found Model: metrics_hourly
The snail Found Model: metrics_daily
The snail Found Model: central_memory_bank
The snail Found Model: sir_hawkington_memory_bank
The snail Found Model: the_stick_memory_bank
The snail Found Model: meth_snail_memory_bank
The snail Found Model: hamsters_memory_bank
The snail Found Model: quantum_shadow_people_memory_bank
The snail Found Model: vic20_memory_bank
The snail Found Model: agent_learning_interactions
The snail Found Model: user_learning_patterns
The snail Found Model: memory_bank_metadata
The snail Found Model: agent_decision_vectors
The snail Found Model: agent_pattern_vectors
The snail Found Model: agent_interaction_vectors


Models initialized successfully.

================================================================================
🔧 initialize_distributed_agents() called
   redis_url: redis://192.168.1.216:6379
   db_getter: <function get_async_db at 0x79ab69d485e0>
   db_getter type: <class 'function'>
   user_id: 2136f4eb-d8d3-48cb-8bae-bbff7d796792
================================================================================

🎯 Redis connected successfully - The Meth Snail approves!

🔍 DistributedAgentManager.initialize()
   self.db_getter: <function get_async_db at 0x79ab69d485e0>
   self.db_getter type: <class 'function'>

✅ Sir Hawkington created with db_getter: <function get_async_db at 0x79ab69d485e0>
🎥 Event Logger initialized - Session: 20251230_151554
📁 Logging to: logs/agent_events/session_20251230_151554.jsonl
🔍 Behavior Tracker initialized - Session: 20251230_151555
▶️  Behavior tracking started (snapshot every 2.0s)
🔊 Broadcasting log: the_stick - system - 🧪 TEST LOG - WebSocket handler attached and workin
INFO:     192.168.1.199:51882 - "OPTIONS /api/auth/me HTTP/1.1" 200 OK
INFO:     192.168.1.199:51894 - "OPTIONS /api/auth/me HTTP/1.1" 200 OK
INFO:app.api.deps:Decoding token: eyJhbGciOi...
ERROR:app.api.deps:JWT error: Signature has expired.
INFO:     192.168.1.199:51882 - "GET /api/auth/me HTTP/1.1" 401 Unauthorized
INFO:app.api.deps:Decoding token: eyJhbGciOi...
ERROR:app.api.deps:JWT error: Signature has expired.
INFO:     192.168.1.199:51894 - "GET /api/auth/me HTTP/1.1" 401 Unauthorized
INFO:     192.168.1.199:51894 - "OPTIONS /api/auth/token HTTP/1.1" 200 OK
INFO:root:⏱️ DB user lookup: 76.27ms
INFO:root:👤 User found: demo@hawkington-tech.com (ID: f0d55cd0-1c83-4ff6-9cf2-271a0e701160)
WARNING:passlib.handlers.bcrypt:(trapped) error reading bcrypt version
Traceback (most recent call last):
  File "/home/carissab/Documents/system_rebellion/backend/venv/lib/python3.13/site-packages/passlib/handlers/bcrypt.py", line 620, in _load_backend_mixin
    version = _bcrypt.__about__.__version__
              ^^^^^^^^^^^^^^^^^
AttributeError: module 'bcrypt' has no attribute '__about__'
INFO:app.core.security:⏱️ Password verification: 0.44ms
INFO:root:⏱️ Password verification: 439.38ms
INFO:root:⏱️ Token creation: 0.49ms
INFO:LogService:LogService initialized
INFO:root:⏱️ DB update flush: 11.45ms
INFO:root:✅ Total login time: 528.29ms
🔐 Login attempt for user: demo@hawkington-tech.com
INFO:     192.168.1.199:51882 - "POST /api/auth/token HTTP/1.1" 200 OK
INFO:     ('192.168.1.199', 51918) - "WebSocket /api/ws/system-metrics?token=eyJhbGciOiJIUzI1NiIsInR5cCI6IkpXVCJ9.eyJzdWIiOiJkZW1vQGhhd2tpbmd0b24tdGVjaC5jb20iLCJ1c2VyX2lkIjoiZjBkNTVjZDAtMWM4My00ZmY2LTljZjItMjcxYTBlNzAxMTYwIiwiZXhwIjoxNzY3MTA5OTY5LCJqdGkiOiJmZTc0YjNmYy0yNjYwLTRkZDYtYjU1Zi1kMzJkOTA2ODg5ODYifQ.eAOUZ_-WH1mmU2z7-vSZuG6Ko9qmkjdcjXGkVNGfJ80" [accepted]
INFO:app.api.simplified_websocket_routes:WebSocket connection accepted for client_133774381241344
INFO:     connection open
INFO:app.api.simplified_websocket_routes:⏱️ WebSocket authenticated for user demo@hawkington-tech.com (client_133774381241344) - Auth took 41.53ms
INFO:app.api.simplified_websocket_routes:WebSocket connection accepted for client_133774381241344 (42.16ms)
INFO:app.core.resilience.circuit_breaker:Circuit Breaker 'system_metrics_ws' state: CLOSED → CLOSED (manual reset)
INFO:app.api.simplified_websocket_routes:✅ WebSocket registered for client_133774381241344
INFO:app.api.simplified_websocket_routes:✅ Sent connection_established to client_133774381241344 (42.84ms from WS start)
INFO:app.api.simplified_websocket_routes:✅ Distributed agent manager ready for demo@hawkington-tech.com
INFO:app.api.simplified_websocket_routes:✅ Sent system_info to client_133774381241344
INFO:app.api.simplified_websocket_routes:📋 Active agents to send: ['sir_hawkington', 'meth_snail', 'hamsters', 'quantum_shadow_people', 'the_stick', 'vic_20_sage']
INFO:app.api.simplified_websocket_routes:✅ Sent agent roster to client_133774381241344: ['sir_hawkington', 'meth_snail', 'hamsters', 'quantum_shadow_people', 'the_stick', 'vic_20_sage']
INFO:SimplifiedMetricsService:🧐 SimplifiedMetricsService initialized - Ready for aristocratic triage
INFO:app.core.resilience.circuit_breaker:Circuit Breaker 'simplified_cpu_metrics' initialized with max_failures=3, reset_timeout=15s
INFO:app.core.resilience.circuit_breaker:Circuit Breaker 'simplified_memory_metrics' initialized with max_failures=3, reset_timeout=15s
INFO:app.core.resilience.circuit_breaker:Circuit Breaker 'simplified_disk_metrics' initialized with max_failures=3, reset_timeout=15s
INFO:app.core.resilience.circuit_breaker:Circuit Breaker 'simplified_network_metrics' initialized with max_failures=3, reset_timeout=15s
INFO:SimplifiedMetricsService:🧐📊 Collecting real system metrics from all services
INFO:SimplifiedCPUService:🧐 SimplifiedCPUService initialized with aristocratic precision
INFO:SimplifiedMemoryService:🧐 SimplifiedMemoryService initialized with aristocratic precision
INFO:SimplifiedMemoryService:🧐✅ Memory metrics collected successfully: 48.8% usage, 10 processes analyzed, swap: 0.0%
INFO:SimplifiedDiskService:🧐 SimplifiedDiskService initialized with aristocratic precision
INFO:SimplifiedDiskService:🧐✅ Disk metrics collected successfully: 34.8% usage, 1 partitions, 3 I/O devices
INFO:SimplifiedNetworkService:🧐 Enhanced SimplifiedNetworkService initialized with aristocratic precision
INFO:ResourceMonitor:Resource Monitor powering up... beep boop
INFO:SimplifiedCPUService:🧐✅ CPU metrics collected successfully: 13.6% usage, 4 processes
INFO:SimplifiedNetworkService:🧐✅ Network metrics collected successfully: 4 interfaces, 38 connections, rates: 0/0 bytes/s
INFO:SimplifiedMetricsService:🧐✅ Raw metrics collected successfully: CPU 13.6%, Memory 48.8%
INFO:SimplifiedMetricsService:🧐⚡ Routing metrics through Sir Hawkington's Triage Engine
INFO:SirHawkington.Brain:🧐 Sir Hawkington's decision: normal - confidence: 0.750
INFO:MessageBus.vic_20_sage:📨 REDIS SUB: triage_alert ← from=sir_hawkington | to=broadcast | priority=5 | id=bf00a083
INFO:VIC20Sage.Distributed:🖥️📬 TRIAGE ALERT from Sir Hawkington: memory at 48.8% (threshold: 85.0%) severity=medium, confidence=0.75
INFO:VIC20Sage.Database:🕹️✨ Database integration initialized with engine and session pool (RETRO WISDOM!)
INFO:MessageBus.the_stick:📨 REDIS SUB: triage_alert ← from=sir_hawkington | to=broadcast | priority=5 | id=bf00a083
INFO:MessageBus.quantum_shadow_people:📨 REDIS SUB: triage_alert ← from=sir_hawkington | to=broadcast | priority=5 | id=bf00a083
INFO:MessageBus.hamsters:📨 REDIS SUB: triage_alert ← from=sir_hawkington | to=broadcast | priority=5 | id=bf00a083
INFO:MessageBus.meth_snail:📨 REDIS SUB: triage_alert ← from=sir_hawkington | to=broadcast | priority=5 | id=bf00a083
INFO:MessageBus.sir_hawkington:📡 REDIS PUB: triage_alert → agents:broadcast | from=sir_hawkington | priority=5 | id=bf00a083
INFO:app.services.embedding_service:🔮 Loading embedding model: all-MiniLM-L6-v2
INFO:sentence_transformers.SentenceTransformer:Use pytorch device_name: cpu
INFO:sentence_transformers.SentenceTransformer:Load pretrained SentenceTransformer: all-MiniLM-L6-v2
INFO:app.services.embedding_service:✅ Embedding model loaded in 2.20s
INFO:StateManager.sir_hawkington:💾 REDIS SAVE: sir_hawkington state | decisions=456 | msgs_sent=72380 | health=healthy | uptime=423s
INFO:SirHawkington.TriageEngine:🧐📡 Triage decision broadcast: medium → vic20_coordination (targets: vic_20_sage)
INFO:SirHawkington.TriageEngine:================================================================================
INFO:SirHawkington.TriageEngine:🧐📞 DIRECT CALL: Hawkington → VIC-20 (COORDINATION)
INFO:SirHawkington.TriageEngine:================================================================================
INFO:VIC20Sage.Distributed:
================================================================================
INFO:VIC20Sage.Distributed:🖥️🎯 VIC-20 V2 COORDINATION INITIATED
INFO:VIC20Sage.Distributed:================================================================================
INFO:VIC20Sage.Distributed:🖥️📞 Triage alert from Sir Hawkington: memory at 48.8% (severity: medium, Hawk confidence: 0.75)
INFO:VIC20Sage.Distributed:🖥️👁️ Perception phase...
INFO:VIC20Perception:🖥️👁️ Perceiving coordination context for memory alert (severity: medium, Hawk confidence: 0.50)
🔊 Broadcasting log: vic20_sage - system - 🖥️📬 TRIAGE ALERT from Sir Hawkington: memory at 48
🔊 Broadcasting log: vic20_sage - system - 
=================================================
🔊 Broadcasting log: vic20_sage - system - 🖥️🎯 VIC-20 V2 COORDINATION INITIATED
🔊 Broadcasting log: vic20_sage - system - ==================================================
🔊 Broadcasting log: vic20_sage - system - 🖥️📞 Triage alert from Sir Hawkington: memory at 48
🔊 Broadcasting log: vic20_sage - system - 🖥️👁️ Perception phase...
Batches:   0%|          | 0/1 [00:00<?, ?it/s]INFO:VIC20Sage.Distributed:🖥️📚 Found 15 historical records for memory: decision_vectors=15
INFO:VIC20Sage.Distributed:🖥️💡 Routing to meth_snail: clear_cache (confidence: 0.70)
INFO:MessageBus.meth_snail:📨 REDIS SUB: coordination_request ← from=vic_20_sage | to=meth_snail | priority=5 | id=2dbc7cc8
INFO:MethSnail.Distributed:🐌📬 COORDINATION REQUEST from VIC-20: memory at 48.8% - VIC-20 suggests: clear_cache
INFO:TerryPerception:🐌👁️ Terry's perception system initialized - ready to see EVERYTHING
INFO:TerryPerception:🐌🔍 Terry perceiving situation...
INFO:SimplifiedMetricsService:🧐📊 Collecting real system metrics from all services
Batches: 100%|██████████| 1/1 [00:00<00:00,  2.94it/s]Batches: 100%|██████████| 1/1 [00:00<00:00,  2.93it/s]
INFO:SimplifiedMemoryService:🧐✅ Memory metrics collected successfully: 48.9% usage, 10 processes analyzed, swap: 0.0%
INFO:SimplifiedDiskService:🧐✅ Disk metrics collected successfully: 34.8% usage, 1 partitions, 3 I/O devices
INFO:MessageBus.vic_20_sage:📡 REDIS PUB: coordination_request → agents:meth_snail | from=vic_20_sage | priority=5 | id=2dbc7cc8
INFO:Distributed.unknown:📨 SEND: coordination_request → meth_snail | from=vic_20_sage | priority=5
INFO:app.services.agent_insight_emitter:💡 Insight: vic20_sage → meth_snail: coordinate_specialist
🔊 Broadcasting log: vic20_sage - vector - 🖥️📚 Found 15 historical records for memory: decisi
🔊 Broadcasting log: vic20_sage - system - 🖥️💡 Routing to meth_snail: clear_cache (confidence
🔊 Broadcasting log: meth_snail - system - 🐌📬 COORDINATION REQUEST from VIC-20: memory at 48.

================================================================================
🖥️ VIC-20 store_coordination_decision() CALLED for user 2136f4eb-d8d3-48cb-8bae-bbff7d796792
================================================================================

✅ db_getter exists: <function get_async_db at 0x79ab69d485e0>
✅ About to write to database...
Batches:   0%|          | 0/1 [00:00<?, ?it/s]INFO:SimplifiedCPUService:🧐✅ CPU metrics collected successfully: 57.3% usage, 5 processes
INFO:VIC20Perception:🖥️✅ Perception complete: 1 specialists available, routing_confidence=0.80, system_load=0.39
INFO:VIC20Sage.Distributed:🖥️✅ Perception complete: 1 specialists available, system load: 0.3904
INFO:VIC20Sage.Distributed:🖥️🧠 Reasoning phase...
INFO:VIC20Reasoning:🖥️🧠 Reasoning about memory coordination...
INFO:VIC20Reasoning:🖥️✅ Reasoning complete: route to meth_snail, confidence=0.61, urgency=normal
INFO:VIC20Sage.Distributed:🖥️✅ Reasoning complete: route to meth_snail, confidence=0.61, urgency=normal
INFO:VIC20Sage.Distributed:🖥️⚡ Action selection phase...
INFO:VIC20ActionSelection:🖥️⚡ Selecting coordination action for memory...
INFO:VIC20ActionSelection:🖥️✅ Action selected: route_to_specialist to meth_snail, priority=normal, strategy=sequential
INFO:VIC20Sage.Distributed:🖥️✅ Action selected: route_to_specialist, priority=normal, strategy=sequential
INFO:VIC20Sage.Distributed:🖥️📚 Learning phase...
INFO:VIC20Learning:🖥️📚 Recording coordination routing for learning...
INFO:VIC20Learning:🖥️✅ Learning recorded: routed to meth_snail, confidence=0.61
INFO:VIC20Sage.Distributed:🖥️💾 Learning record stored in PostgreSQL
INFO:app.api.websockets:🔌 WebSocket disconnected. Active: 0
INFO:app.services.agent_decision_emitter:🧠 Decision: vic_20_sage - route_to_specialist (confidence: 0.61)
INFO:VIC20Sage.Distributed:🖥️📨 Routing to meth_snail...
INFO:VIC20Sage.Distributed:🖥️💬 Message: Coordination request from VIC-20: MEMORY at 48.8% (threshold: 85.0%). Recommended action: clear_cache. Sir Hawkington's assessment: severity=medium, confidence=0.50. 
INFO:MessageBus.vic_20_sage:📡 REDIS PUB: coordination_request → agents:meth_snail | from=vic_20_sage | priority=5 | id=9384708b
INFO:Distributed.unknown:📨 SEND: coordination_request → meth_snail | from=vic_20_sage | priority=5
INFO:VIC20Sage.Distributed:🖥️✅ Coordination request sent to meth_snail
INFO:MessageBus.the_stick:📨 REDIS SUB: decision_log ← from=vic_20_sage | to=broadcast | priority=5 | id=5ac73cae
INFO:TheStick.Distributed:📏📬 DECISION_LOG from vic_20_sage: coordination_v2 
INFO:MessageBus.quantum_shadow_people:📨 REDIS SUB: decision_log ← from=vic_20_sage | to=broadcast | priority=5 | id=5ac73cae
INFO:MessageBus.hamsters:📨 REDIS SUB: decision_log ← from=vic_20_sage | to=broadcast | priority=5 | id=5ac73cae
INFO:MessageBus.sir_hawkington:📨 REDIS SUB: decision_log ← from=vic_20_sage | to=broadcast | priority=5 | id=5ac73cae
INFO:MessageBus.vic_20_sage:📡 REDIS PUB: decision_log → agents:broadcast | from=vic_20_sage | priority=5 | id=5ac73cae
🔊 Broadcasting log: vic20_sage - system - 🖥️✅ Perception complete: 1 specialists available, 
🔊 Broadcasting log: vic20_sage - system - 🖥️🧠 Reasoning phase...
🔊 Broadcasting log: vic20_sage - system - 🖥️✅ Reasoning complete: route to meth_snail, confi
🔊 Broadcasting log: vic20_sage - system - 🖥️⚡ Action selection phase...
🔊 Broadcasting log: vic20_sage - system - 🖥️✅ Action selected: route_to_specialist, priority
🔊 Broadcasting log: vic20_sage - system - 🖥️📚 Learning phase...
🔊 Broadcasting log: vic20_sage - postgres - 🖥️💾 Learning record stored in PostgreSQL
🔊 Broadcasting log: vic20_sage - system - 🖥️📨 Routing to meth_snail...
🔊 Broadcasting log: vic20_sage - redis - 🖥️💬 Message: Coordination request from VIC-20: MEM
🔊 Broadcasting log: vic20_sage - system - 🖥️✅ Coordination request sent to meth_snail
🔊 Broadcasting log: the_stick - system - 📏📬 DECISION_LOG from vic_20_sage: coordination_v2 

Batches:   0%|          | 0/1 [00:00<?, ?it/s][AINFO:StateManager.vic_20_sage:💾 REDIS SAVE: vic_20_sage state | decisions=102 | msgs_sent=2586 | health=healthy | uptime=423s
INFO:Distributed.unknown:📢 BROADCAST: decision_log | from=vic_20_sage | priority=5
INFO:VIC20Sage.Distributed:================================================================================
INFO:VIC20Sage.Distributed:🖥️✅ VIC-20 V2 COORDINATION COMPLETE
INFO:VIC20Sage.Distributed:================================================================================

INFO:SirHawkington.TriageEngine:================================================================================
INFO:SirHawkington.TriageEngine:🧐✅ DIRECT CALL RESULT: VIC-20 responded successfully=True
INFO:SirHawkington.TriageEngine:    Specialist: meth_snail
INFO:SirHawkington.TriageEngine:    Action: unknown
INFO:SirHawkington.TriageEngine:================================================================================
INFO:VIC20Sage.Database:🕹️✨ Database integration initialized with engine and session pool (RETRO WISDOM!)
INFO:app.services.vector_storage:✅ Stored interaction vector: sir_hawkington → broadcast
INFO:SimplifiedNetworkService:🧐✅ Network metrics collected successfully: 4 interfaces, 41 connections, rates: 5280/10158 bytes/s
INFO:SimplifiedMetricsService:🧐✅ Raw metrics collected successfully: CPU 57.3%, Memory 48.9%
INFO:SimplifiedMetricsService:🧐⚡ Routing metrics through Sir Hawkington's Triage Engine
INFO:SirHawkington.Brain:🧐 Sir Hawkington's decision: normal - confidence: 0.750
INFO:MessageBus.the_stick:📨 REDIS SUB: triage_alert ← from=sir_hawkington | to=broadcast | priority=2 | id=86404b7b
INFO:MessageBus.quantum_shadow_people:📨 REDIS SUB: triage_alert ← from=sir_hawkington | to=broadcast | priority=2 | id=86404b7b
INFO:MessageBus.hamsters:📨 REDIS SUB: triage_alert ← from=sir_hawkington | to=broadcast | priority=2 | id=86404b7b
INFO:MessageBus.sir_hawkington:📡 REDIS PUB: triage_alert → agents:broadcast | from=sir_hawkington | priority=2 | id=86404b7b
INFO:StateManager.sir_hawkington:💾 REDIS SAVE: sir_hawkington state | decisions=456 | msgs_sent=72381 | health=healthy | uptime=423s
INFO:SirHawkington.TriageEngine:🧐📡 Triage decision broadcast: high → vic20_emergency (targets: vic_20_sage)
WARNING:SirHawkington.TriageEngine:🧐💥 MONOCLE YEETED TO VIC-20 - EMERGENCY ORCHESTRATION ACTIVATED!
WARNING:SirHawkington.TriageEngine:================================================================================
WARNING:SirHawkington.TriageEngine:🧐💥📞 DIRECT CALL: Hawkington → VIC-20 (EMERGENCY!!!)
WARNING:SirHawkington.TriageEngine:================================================================================
INFO:VIC20Sage.Distributed:
================================================================================
INFO:VIC20Sage.Distributed:🖥️🎯 VIC-20 V2 COORDINATION INITIATED
INFO:VIC20Sage.Distributed:================================================================================
INFO:VIC20Sage.Distributed:🖥️📞 Triage alert from Sir Hawkington: cpu at 57.3% (severity: high, Hawk confidence: 0.75)
INFO:VIC20Sage.Distributed:🖥️👁️ Perception phase...
INFO:VIC20Perception:🖥️👁️ Perceiving coordination context for cpu alert (severity: high, Hawk confidence: 0.50)
🔊 Broadcasting log: vic20_sage - system - ==================================================
🔊 Broadcasting log: vic20_sage - system - 🖥️✅ VIC-20 V2 COORDINATION COMPLETE
🔊 Broadcasting log: vic20_sage - system - ==================================================
🔊 Broadcasting log: vic20_sage - system - 
=================================================
🔊 Broadcasting log: vic20_sage - system - 🖥️🎯 VIC-20 V2 COORDINATION INITIATED
🔊 Broadcasting log: vic20_sage - system - ==================================================
🔊 Broadcasting log: vic20_sage - system - 🖥️📞 Triage alert from Sir Hawkington: cpu at 57.3%
🔊 Broadcasting log: vic20_sage - system - 🖥️👁️ Perception phase...


Batches:   0%|          | 0/1 [00:00<?, ?it/s][A[AINFO:SirHawkington.TriageEngine:🧐⚡ Triage complete: medium → vic20_coordination (3.237s)
INFO:SimplifiedMetricsService:🧐✨ Triage processing complete - enhanced metrics ready
INFO:VIC20Perception:🖥️✅ Perception complete: 1 specialists available, routing_confidence=0.78, system_load=0.57
INFO:VIC20Sage.Distributed:🖥️✅ Perception complete: 1 specialists available, system load: 0.573
INFO:VIC20Sage.Distributed:🖥️🧠 Reasoning phase...
INFO:VIC20Reasoning:🖥️🧠 Reasoning about cpu coordination...
INFO:VIC20Reasoning:🖥️✅ Reasoning complete: route to meth_snail, confidence=0.58, urgency=high
INFO:VIC20Sage.Distributed:🖥️✅ Reasoning complete: route to meth_snail, confidence=0.58, urgency=high
INFO:VIC20Sage.Distributed:🖥️⚡ Action selection phase...
INFO:VIC20ActionSelection:🖥️⚡ Selecting coordination action for cpu...
INFO:VIC20ActionSelection:🖥️✅ Action selected: monitor to meth_snail, priority=high, strategy=sequential
INFO:VIC20Sage.Distributed:🖥️✅ Action selected: monitor, priority=high, strategy=sequential
INFO:VIC20Sage.Distributed:🖥️📚 Learning phase...
INFO:VIC20Learning:🖥️📚 Recording coordination routing for learning...
INFO:VIC20Learning:🖥️✅ Learning recorded: routed to meth_snail, confidence=0.58
INFO:VIC20Sage.Distributed:🖥️💾 Learning record stored in PostgreSQL
INFO:VIC20Sage.Distributed:🖥️⏸️ Action type: monitor - not routing
WARNING:SirHawkington.TriageEngine:================================================================================
WARNING:SirHawkington.TriageEngine:🧐💥✅ EMERGENCY CALL RESULT: VIC-20 responded successfully=True
WARNING:SirHawkington.TriageEngine:    Specialist: unknown
WARNING:SirHawkington.TriageEngine:    Action: unknown
WARNING:SirHawkington.TriageEngine:================================================================================
Batches: 100%|██████████| 1/1 [00:00<00:00,  1.44it/s]Batches: 100%|██████████| 1/1 [00:00<00:00,  1.44it/s]
INFO:app.api.simplified_websocket_routes:🐌 TERRY PAYLOAD FIELDS: ['status', 'distributed', 'agent_name', 'agent_type', 'is_active', 'total_analyses', 'successful_analyses', 'shell_spin_count', 'energy_drinks_consumed', 'current_jitter_level', 'optimization_stats']
INFO:app.api.simplified_websocket_routes:🐌 shell_spin_count: 0
INFO:app.api.simplified_websocket_routes:🐌 energy_drinks_consumed: 0
INFO:app.api.simplified_websocket_routes:🎯 TRIAGE RESULT KEYS: ['status', 'triage', 'agent']
INFO:app.api.simplified_websocket_routes:🎯 DISPOSITION: None
INFO:app.api.simplified_websocket_routes:🎯 AGENT_DISPATCH: []
INFO:app.api.simplified_websocket_routes:✅ Extracted 6 agent insights (cached for reuse)
INFO:app.api.simplified_websocket_routes:🔍 Agent insights keys: ['sir_hawkington', 'meth_snail', 'hamsters', 'quantum_shadow_people', 'the_stick', 'vic_20_sage']
INFO:app.api.simplified_websocket_routes:🔍 sir_hawkington data: {'status': 'active', 'distributed': {'distributed_enabled': True, 'agent_name': 'sir_hawkington', 'health': 'healthy', 'total_decisions': 456, 'total_messages_sent': 72381, 'total_messages_received': 
INFO:app.api.simplified_websocket_routes:🔍 meth_snail data: {'status': 'active', 'distributed': {'distributed_enabled': True, 'agent_name': 'meth_snail', 'health': 'healthy', 'total_decisions': 128, 'total_messages_sent': 10435, 'total_messages_received': 0, '
INFO:app.api.simplified_websocket_routes:🔍 hamsters data: {'status': 'active', 'distributed': {'distributed_enabled': True, 'agent_name': 'hamsters', 'health': 'healthy', 'total_decisions': 872, 'total_messages_sent': 14, 'total_messages_received': 0, 'uptim
INFO:app.api.simplified_websocket_routes:🔍 quantum_shadow_people data: {'status': 'active', 'distributed': {'distributed_enabled': True, 'agent_name': 'quantum_shadow_people', 'health': 'healthy', 'total_decisions': 549, 'total_messages_sent': 4627, 'total_messages_recei
INFO:app.api.simplified_websocket_routes:🔍 the_stick data: {'status': 'active', 'distributed': {'distributed_enabled': True, 'agent_name': 'the_stick', 'health': 'healthy', 'total_decisions': 1066, 'total_messages_sent': 15, 'total_messages_received': 0, 'upt
INFO:app.api.simplified_websocket_routes:🔍 vic_20_sage data: {'status': 'active', 'distributed': {'distributed_enabled': True, 'agent_name': 'vic_20_sage', 'health': 'healthy', 'total_decisions': 102, 'total_messages_sent': 2586, 'total_messages_received': 0, '
INFO:TheStick.Distributed:📏⏰ Periodic flush triggered (1 decisions buffered)
INFO:TheStick.Distributed:📏💾 Flushing 1 decisions to PostgreSQL...

Batches: 100%|██████████| 1/1 [00:00<00:00,  1.07it/s][ABatches: 100%|██████████| 1/1 [00:00<00:00,  1.05it/s]
INFO:app.services.vector_storage:✅ Stored interaction vector: vic_20_sage → meth_snail


Batches: 100%|██████████| 1/1 [00:00<00:00,  1.15it/s][A[ABatches: 100%|██████████| 1/1 [00:00<00:00,  1.15it/s]
INFO:app.services.vector_storage:✅ Stored interaction vector: vic_20_sage → meth_snail
INFO:Stick.Database:📏✅ Dual-write complete: CMB=c0a2306d-a656-4d95-87b9-da9d62900fae, StickMemory=6ea58e87-fdb5-48e9-b5d4-d6264ed30f1f
INFO:MessageBus.quantum_shadow_people:📡 REDIS PUB: agent_heartbeat → agents:heartbeats | from=quantum_shadow_people | priority=10 | id=5e289e55
INFO:MessageBus.hamsters:📡 REDIS PUB: agent_heartbeat → agents:heartbeats | from=hamsters | priority=10 | id=5c501782
INFO:MessageBus.sir_hawkington:📡 REDIS PUB: agent_heartbeat → agents:heartbeats | from=sir_hawkington | priority=10 | id=ff119a3a
INFO:MessageBus.the_stick:📡 REDIS PUB: agent_heartbeat → agents:heartbeats | from=the_stick | priority=10 | id=6c8b55ea
INFO:MessageBus.vic_20_sage:📡 REDIS PUB: agent_heartbeat → agents:heartbeats | from=vic_20_sage | priority=10 | id=e70a979d
INFO:MessageBus.meth_snail:📡 REDIS PUB: agent_heartbeat → agents:heartbeats | from=meth_snail | priority=10 | id=bd694d69
INFO:StateManager.hamsters:💾 REDIS SAVE: hamsters state | decisions=872 | msgs_sent=14 | health=healthy | uptime=425s
INFO:StateManager.quantum_shadow_people:💾 REDIS SAVE: quantum_shadow_people state | decisions=549 | msgs_sent=4627 | health=healthy | uptime=424s
INFO:StateManager.the_stick:💾 REDIS SAVE: the_stick state | decisions=1066 | msgs_sent=15 | health=healthy | uptime=424s
INFO:StateManager.sir_hawkington:💾 REDIS SAVE: sir_hawkington state | decisions=456 | msgs_sent=72381 | health=healthy | uptime=425s
INFO:StateManager.vic_20_sage:💾 REDIS SAVE: vic_20_sage state | decisions=102 | msgs_sent=2586 | health=healthy | uptime=424s
INFO:StateManager.meth_snail:💾 REDIS SAVE: meth_snail state | decisions=128 | msgs_sent=10435 | health=healthy | uptime=425s
INFO:app.services.vector_storage:✅ Stored interaction vector: sir_hawkington → broadcast
🔊 Broadcasting log: vic20_sage - system - 🖥️✅ Perception complete: 1 specialists available, 
🔊 Broadcasting log: vic20_sage - system - 🖥️🧠 Reasoning phase...
🔊 Broadcasting log: vic20_sage - system - 🖥️✅ Reasoning complete: route to meth_snail, confi
🔊 Broadcasting log: vic20_sage - system - 🖥️⚡ Action selection phase...
🔊 Broadcasting log: vic20_sage - system - 🖥️✅ Action selected: monitor, priority=high, strat
🔊 Broadcasting log: vic20_sage - system - 🖥️📚 Learning phase...
🔊 Broadcasting log: vic20_sage - postgres - 🖥️💾 Learning record stored in PostgreSQL
🔊 Broadcasting log: vic20_sage - system - 🖥️⏸️ Action type: monitor - not routing
🔊 Broadcasting log: the_stick - system - 📏⏰ Periodic flush triggered (1 decisions buffered)
🔊 Broadcasting log: the_stick - postgres - 📏💾 Flushing 1 decisions to PostgreSQL...
Batches:   0%|          | 0/1 [00:00<?, ?it/s]INFO:SirHawkington.TriageEngine:🧐⚡ Triage complete: high → vic20_emergency (1.520s)
INFO:SimplifiedMetricsService:🧐✨ Triage processing complete - enhanced metrics ready
INFO:TerryPerception:   ✓ Got full metrics: 14263 chars of data
INFO:MetricsRepository:💾 SystemMetrics persisted id=61052 user=f0d55cd0-1c83-4ff6-9cf2-271a0e701160
INFO:app.api.simplified_websocket_routes:📊 Metrics structure: ['timestamp', 'cpu_usage', 'memory_usage', 'disk_usage', 'network_sent_rate', 'network_recv_rate', 'cpu', 'memory', 'disk', 'network', 'process_count', 'system_info', 'triage_decision', 'triage_processing', 'sir_hawkington', 'triage_stats']
INFO:app.api.simplified_websocket_routes:📊 Metrics size: 13459 chars
INFO:app.api.simplified_websocket_routes:🤖 Agent insights: ['sir_hawkington', 'meth_snail', 'hamsters', 'quantum_shadow_people', 'the_stick', 'vic_20_sage']
INFO:app.api.simplified_websocket_routes:💡 Insights: 10, Events: 0
INFO:app.api.simplified_websocket_routes:✅ Successfully sent 23048 char payload
INFO:SimplifiedMetricsService:🧐📊 Collecting real system metrics from all services
Batches: 100%|██████████| 1/1 [00:00<00:00,  2.50it/s]Batches: 100%|██████████| 1/1 [00:00<00:00,  2.50it/s]
INFO:SimplifiedMemoryService:🧐✅ Memory metrics collected successfully: 50.6% usage, 10 processes analyzed, swap: 0.0%
INFO:SimplifiedDiskService:🧐✅ Disk metrics collected successfully: 34.8% usage, 1 partitions, 3 I/O devices
INFO:TerryPerception:   ✓ Found 20 similar past situations
INFO:TheStick.Distributed:📏✅ Flushed 1 decisions to PostgreSQL! (Total: 1)
INFO:SimplifiedCPUService:🧐✅ CPU metrics collected successfully: 5.0% usage, 4 processes
INFO:TerryPerception:   ✓ Retrieved 10 recent actions
WARNING:TerryPerception:🐌💫 SHELL SPIN #1: Bad data in coordination request: missing=['full_metrics'], invalid=[]
   Missing: ['full_metrics']
   Invalid: []
ERROR:meth_snail.Database:❌ Failed to verify database connection: 'async for' requires an object with __aiter__ method, got AsyncSession
ERROR:TerryPerception:🐌💥 Failed to store shell spin: 'async for' requires an object with __aiter__ method, got AsyncSession
INFO:TerryPerception:🐌✅ Perception complete - Terry sees the full picture!
WARNING:MethSnail.Distributed:🐌💫 1 shell spin(s) during perception - data quality: 0.90
INFO:MethSnail.Distributed:🐌📊 Synced 1 shell spin(s) to brain state. Total spins: 1
INFO:MethSnail.Distributed:🐌👁️ Perception complete - Terry sees the full picture
INFO:TerryReasoning:🐌🧠🤖 Terry's ML-enhanced reasoning initialized!
INFO:TerryReasoning:🐌🧠 Terry reasoning about the situation...
INFO:TerryReasoning:   ✓ Root cause: memory_pressure (confidence: 0.75)
WARNING:TerryMLHelpers:Pattern validation failed: 'cpu_usage'
INFO:TerryReasoning:   ✓ ML validated pattern (boost: +0.10)
INFO:SituationFingerprint:   ✓ Found 2093 records at Level 3 (specific match)
INFO:TerryReasoning:   ✓ Found 2093 similar situations (match level: 3)
INFO:TerryReasoning:   ✓ Decision: clear_cache (confidence: 0.71)
INFO:MethSnail.Distributed:🐌🧠 Reasoning complete: memory_pressure → clear_cache (confidence: 0.71)
INFO:TerryEnergyDrinks:🐌☕ Energy drink system initialized
INFO:TerryActionSelection:🐌⚡ Terry's action selection initialized - ready to choose!
INFO:TerryActionSelection:🐌🔬 Exploration rate: 35.0%, Cache bias: 1.20
INFO:TerryActionSelection:🐌⚡ Selecting action for root cause: memory_pressure
INFO:TerryActionSelection:   ✓ Using action: clear_cache
INFO:MethSnail.Distributed:🐌⚡ Action selected: clear_cache (FOLLOWING VIC-20)
INFO:MethSnail.Distributed:🐌💨💨 Executing clear_cache! *spins shell with PURPOSE*
INFO:SimplifiedMetricsService:🧐📊 Collecting real system metrics from all services
INFO:SimplifiedMemoryService:🧐✅ Memory metrics collected successfully: 51.0% usage, 10 processes analyzed, swap: 0.0%
INFO:SimplifiedDiskService:🧐✅ Disk metrics collected successfully: 34.8% usage, 1 partitions, 3 I/O devices
INFO:SimplifiedNetworkService:🧐✅ Network metrics collected successfully: 4 interfaces, 49 connections, rates: 14165094/14158445 bytes/s
INFO:SimplifiedCPUService:🧐✅ CPU metrics collected successfully: 12.5% usage, 6 processes
INFO:SimplifiedMetricsService:🧐✅ Raw metrics collected successfully: CPU 5.0%, Memory 50.6%
INFO:SimplifiedMetricsService:🧐⚡ Routing metrics through Sir Hawkington's Triage Engine
INFO:SirHawkington.Brain:🧐 Sir Hawkington's decision: normal - confidence: 0.750
INFO:app.services.vector_storage:✅ Stored decision vector for the_stick: decision_log
INFO:MessageBus.the_stick:📨 REDIS SUB: triage_alert ← from=sir_hawkington | to=broadcast | priority=5 | id=8607886a
INFO:MessageBus.quantum_shadow_people:📨 REDIS SUB: triage_alert ← from=sir_hawkington | to=broadcast | priority=5 | id=8607886a
INFO:MessageBus.hamsters:📨 REDIS SUB: triage_alert ← from=sir_hawkington | to=broadcast | priority=5 | id=8607886a
INFO:MessageBus.sir_hawkington:📡 REDIS PUB: triage_alert → agents:broadcast | from=sir_hawkington | priority=5 | id=8607886a
INFO:StateManager.sir_hawkington:💾 REDIS SAVE: sir_hawkington state | decisions=456 | msgs_sent=72382 | health=healthy | uptime=428s
INFO:SirHawkington.TriageEngine:🧐📡 Triage decision broadcast: medium → vic20_coordination (targets: vic_20_sage)
INFO:SirHawkington.TriageEngine:================================================================================
INFO:SirHawkington.TriageEngine:🧐📞 DIRECT CALL: Hawkington → VIC-20 (COORDINATION)
INFO:SirHawkington.TriageEngine:================================================================================
INFO:VIC20Sage.Distributed:
================================================================================
INFO:VIC20Sage.Distributed:🖥️🎯 VIC-20 V2 COORDINATION INITIATED
INFO:VIC20Sage.Distributed:================================================================================
INFO:VIC20Sage.Distributed:🖥️📞 Triage alert from Sir Hawkington: memory at 50.6% (severity: medium, Hawk confidence: 0.75)
INFO:VIC20Sage.Distributed:🖥️👁️ Perception phase...
INFO:VIC20Perception:🖥️👁️ Perceiving coordination context for memory alert (severity: medium, Hawk confidence: 0.50)
🔊 Broadcasting log: the_stick - postgres - 📏✅ Flushed 1 decisions to PostgreSQL! (Total: 1)
🔊 Broadcasting log: meth_snail - system - 🐌💫 1 shell spin(s) during perception - data qualit
🔊 Broadcasting log: meth_snail - system - 🐌📊 Synced 1 shell spin(s) to brain state. Total sp
🔊 Broadcasting log: meth_snail - system - 🐌👁️ Perception complete - Terry sees the full pict
🔊 Broadcasting log: meth_snail - system - 🐌🧠 Reasoning complete: memory_pressure → clear_cac
🔊 Broadcasting log: meth_snail - system - 🐌⚡ Action selected: clear_cache (FOLLOWING VIC-20)
🔊 Broadcasting log: meth_snail - system - 🐌💨💨 Executing clear_cache! *spins shell with PURPO
🔊 Broadcasting log: vic20_sage - system - 
=================================================
🔊 Broadcasting log: vic20_sage - system - 🖥️🎯 VIC-20 V2 COORDINATION INITIATED
🔊 Broadcasting log: vic20_sage - system - ==================================================
🔊 Broadcasting log: vic20_sage - system - 🖥️📞 Triage alert from Sir Hawkington: memory at 50
🔊 Broadcasting log: vic20_sage - system - 🖥️👁️ Perception phase...
Batches:   0%|          | 0/1 [00:00<?, ?it/s]INFO:VIC20Perception:🖥️✅ Perception complete: 1 specialists available, routing_confidence=0.80, system_load=0.40
INFO:VIC20Sage.Distributed:🖥️✅ Perception complete: 1 specialists available, system load: 0.40480000000000005
INFO:VIC20Sage.Distributed:🖥️🧠 Reasoning phase...
INFO:VIC20Reasoning:🖥️🧠 Reasoning about memory coordination...
INFO:VIC20Reasoning:🖥️✅ Reasoning complete: route to meth_snail, confidence=0.61, urgency=normal
INFO:VIC20Sage.Distributed:🖥️✅ Reasoning complete: route to meth_snail, confidence=0.61, urgency=normal
INFO:VIC20Sage.Distributed:🖥️⚡ Action selection phase...
INFO:VIC20ActionSelection:🖥️⚡ Selecting coordination action for memory...
INFO:VIC20ActionSelection:🖥️✅ Action selected: route_to_specialist to meth_snail, priority=normal, strategy=sequential
INFO:VIC20Sage.Distributed:🖥️✅ Action selected: route_to_specialist, priority=normal, strategy=sequential
INFO:VIC20Sage.Distributed:🖥️📚 Learning phase...
INFO:VIC20Learning:🖥️📚 Recording coordination routing for learning...
INFO:VIC20Learning:🖥️✅ Learning recorded: routed to meth_snail, confidence=0.61
INFO:VIC20Sage.Distributed:🖥️💾 Learning record stored in PostgreSQL
INFO:VIC20Sage.Distributed:🖥️📨 Routing to meth_snail...
INFO:VIC20Sage.Distributed:🖥️💬 Message: Coordination request from VIC-20: MEMORY at 50.6% (threshold: 85.0%). Recommended action: clear_cache. Sir Hawkington's assessment: severity=medium, confidence=0.50. 
INFO:MessageBus.vic_20_sage:📡 REDIS PUB: coordination_request → agents:meth_snail | from=vic_20_sage | priority=5 | id=bb8d1037
INFO:Distributed.unknown:📨 SEND: coordination_request → meth_snail | from=vic_20_sage | priority=5
INFO:VIC20Sage.Distributed:🖥️✅ Coordination request sent to meth_snail
INFO:MessageBus.the_stick:📨 REDIS SUB: decision_log ← from=vic_20_sage | to=broadcast | priority=5 | id=5ff2c483
INFO:TheStick.Distributed:📏📬 DECISION_LOG from vic_20_sage: coordination_v2 
INFO:MessageBus.quantum_shadow_people:📨 REDIS SUB: decision_log ← from=vic_20_sage | to=broadcast | priority=5 | id=5ff2c483
INFO:MessageBus.hamsters:📨 REDIS SUB: decision_log ← from=vic_20_sage | to=broadcast | priority=5 | id=5ff2c483
INFO:MessageBus.sir_hawkington:📨 REDIS SUB: decision_log ← from=vic_20_sage | to=broadcast | priority=5 | id=5ff2c483
🔊 Broadcasting log: vic20_sage - system - 🖥️✅ Perception complete: 1 specialists available, 
🔊 Broadcasting log: vic20_sage - system - 🖥️🧠 Reasoning phase...
🔊 Broadcasting log: vic20_sage - system - 🖥️✅ Reasoning complete: route to meth_snail, confi
🔊 Broadcasting log: vic20_sage - system - 🖥️⚡ Action selection phase...
🔊 Broadcasting log: vic20_sage - system - 🖥️✅ Action selected: route_to_specialist, priority
🔊 Broadcasting log: vic20_sage - system - 🖥️📚 Learning phase...
🔊 Broadcasting log: vic20_sage - postgres - 🖥️💾 Learning record stored in PostgreSQL
🔊 Broadcasting log: vic20_sage - system - 🖥️📨 Routing to meth_snail...
🔊 Broadcasting log: vic20_sage - redis - 🖥️💬 Message: Coordination request from VIC-20: MEM
🔊 Broadcasting log: vic20_sage - system - 🖥️✅ Coordination request sent to meth_snail
🔊 Broadcasting log: the_stick - system - 📏📬 DECISION_LOG from vic_20_sage: coordination_v2 

Batches:   0%|          | 0/1 [00:00<?, ?it/s][AINFO:MessageBus.vic_20_sage:📡 REDIS PUB: decision_log → agents:broadcast | from=vic_20_sage | priority=5 | id=5ff2c483
INFO:StateManager.vic_20_sage:💾 REDIS SAVE: vic_20_sage state | decisions=102 | msgs_sent=2587 | health=healthy | uptime=428s
INFO:Distributed.unknown:📢 BROADCAST: decision_log | from=vic_20_sage | priority=5
INFO:VIC20Sage.Distributed:================================================================================
INFO:VIC20Sage.Distributed:🖥️✅ VIC-20 V2 COORDINATION COMPLETE
INFO:VIC20Sage.Distributed:================================================================================

INFO:SirHawkington.TriageEngine:================================================================================
INFO:SirHawkington.TriageEngine:🧐✅ DIRECT CALL RESULT: VIC-20 responded successfully=True
INFO:SirHawkington.TriageEngine:    Specialist: meth_snail
INFO:SirHawkington.TriageEngine:    Action: unknown
INFO:SirHawkington.TriageEngine:================================================================================
Batches: 100%|██████████| 1/1 [00:00<00:00,  1.13it/s]Batches: 100%|██████████| 1/1 [00:00<00:00,  1.13it/s]
INFO:SimplifiedNetworkService:🧐✅ Network metrics collected successfully: 4 interfaces, 49 connections, rates: 3035379/3035328 bytes/s
INFO:SimplifiedMetricsService:🧐✅ Raw metrics collected successfully: CPU 12.5%, Memory 51.0%
INFO:SimplifiedMetricsService:🧐⚡ Routing metrics through Sir Hawkington's Triage Engine
INFO:SirHawkington.Brain:🧐 Sir Hawkington's decision: normal - confidence: 0.750
INFO:MessageBus.the_stick:📨 REDIS SUB: triage_alert ← from=sir_hawkington | to=broadcast | priority=5 | id=70f7b320
INFO:MessageBus.quantum_shadow_people:📨 REDIS SUB: triage_alert ← from=sir_hawkington | to=broadcast | priority=5 | id=70f7b320
INFO:MessageBus.hamsters:📨 REDIS SUB: triage_alert ← from=sir_hawkington | to=broadcast | priority=5 | id=70f7b320
INFO:MessageBus.sir_hawkington:📡 REDIS PUB: triage_alert → agents:broadcast | from=sir_hawkington | priority=5 | id=70f7b320
INFO:StateManager.sir_hawkington:💾 REDIS SAVE: sir_hawkington state | decisions=456 | msgs_sent=72383 | health=healthy | uptime=429s
INFO:SirHawkington.TriageEngine:🧐📡 Triage decision broadcast: medium → vic20_coordination (targets: vic_20_sage)
INFO:SirHawkington.TriageEngine:================================================================================
INFO:SirHawkington.TriageEngine:🧐📞 DIRECT CALL: Hawkington → VIC-20 (COORDINATION)
INFO:SirHawkington.TriageEngine:================================================================================
INFO:VIC20Sage.Distributed:
================================================================================
INFO:VIC20Sage.Distributed:🖥️🎯 VIC-20 V2 COORDINATION INITIATED
INFO:VIC20Sage.Distributed:================================================================================
INFO:VIC20Sage.Distributed:🖥️📞 Triage alert from Sir Hawkington: memory at 51.0% (severity: medium, Hawk confidence: 0.75)
INFO:VIC20Sage.Distributed:🖥️👁️ Perception phase...
🔊 Broadcasting log: vic20_sage - system - ==================================================
🔊 Broadcasting log: vic20_sage - system - 🖥️✅ VIC-20 V2 COORDINATION COMPLETE
🔊 Broadcasting log: vic20_sage - system - ==================================================
🔊 Broadcasting log: vic20_sage - system - 
=================================================
🔊 Broadcasting log: vic20_sage - system - 🖥️🎯 VIC-20 V2 COORDINATION INITIATED
🔊 Broadcasting log: vic20_sage - system - ==================================================
🔊 Broadcasting log: vic20_sage - system - 🖥️📞 Triage alert from Sir Hawkington: memory at 51
🔊 Broadcasting log: vic20_sage - system - 🖥️👁️ Perception phase...
Batches:   0%|          | 0/1 [00:00<?, ?it/s]INFO:VIC20Perception:🖥️👁️ Perceiving coordination context for memory alert (severity: medium, Hawk confidence: 0.50)
INFO:app.services.vector_storage:✅ Stored interaction vector: sir_hawkington → broadcast

Batches: 100%|██████████| 1/1 [00:00<00:00,  1.02it/s][ABatches: 100%|██████████| 1/1 [00:00<00:00,  1.02it/s]
INFO:SirHawkington.TriageEngine:🧐⚡ Triage complete: medium → vic20_coordination (2.063s)
INFO:SimplifiedMetricsService:🧐✨ Triage processing complete - enhanced metrics ready
INFO:app.services.vector_storage:✅ Stored interaction vector: vic_20_sage → meth_snail
INFO:app.api.simplified_websocket_routes:🐌 TERRY PAYLOAD FIELDS: ['status', 'distributed', 'agent_name', 'agent_type', 'is_active', 'total_analyses', 'successful_analyses', 'shell_spin_count', 'energy_drinks_consumed', 'current_jitter_level', 'optimization_stats']
INFO:app.api.simplified_websocket_routes:🐌 shell_spin_count: 1
INFO:app.api.simplified_websocket_routes:🐌 energy_drinks_consumed: 0
INFO:VIC20Perception:🖥️✅ Perception complete: 1 specialists available, routing_confidence=0.80, system_load=0.41
INFO:VIC20Sage.Distributed:🖥️✅ Perception complete: 1 specialists available, system load: 0.40800000000000003
INFO:VIC20Sage.Distributed:🖥️🧠 Reasoning phase...
INFO:VIC20Reasoning:🖥️🧠 Reasoning about memory coordination...
INFO:VIC20Reasoning:🖥️✅ Reasoning complete: route to meth_snail, confidence=0.61, urgency=normal
INFO:VIC20Sage.Distributed:🖥️✅ Reasoning complete: route to meth_snail, confidence=0.61, urgency=normal
INFO:VIC20Sage.Distributed:🖥️⚡ Action selection phase...
INFO:VIC20ActionSelection:🖥️⚡ Selecting coordination action for memory...
INFO:VIC20ActionSelection:🖥️✅ Action selected: route_to_specialist to meth_snail, priority=normal, strategy=sequential
INFO:VIC20Sage.Distributed:🖥️✅ Action selected: route_to_specialist, priority=normal, strategy=sequential
INFO:VIC20Sage.Distributed:🖥️📚 Learning phase...
INFO:VIC20Learning:🖥️📚 Recording coordination routing for learning...
INFO:VIC20Learning:🖥️✅ Learning recorded: routed to meth_snail, confidence=0.61
INFO:VIC20Sage.Distributed:🖥️💾 Learning record stored in PostgreSQL
INFO:VIC20Sage.Distributed:🖥️📨 Routing to meth_snail...
INFO:VIC20Sage.Distributed:🖥️💬 Message: Coordination request from VIC-20: MEMORY at 51.0% (threshold: 85.0%). Recommended action: clear_cache. Sir Hawkington's assessment: severity=medium, confidence=0.50. 
Batches: 100%|██████████| 1/1 [00:00<00:00,  1.22it/s]Batches: 100%|██████████| 1/1 [00:00<00:00,  1.22it/s]
INFO:MetricsRepository:💾 SystemMetrics persisted id=61053 user=f0d55cd0-1c83-4ff6-9cf2-271a0e701160
INFO:app.api.simplified_websocket_routes:📊 Metrics structure: ['timestamp', 'cpu_usage', 'memory_usage', 'disk_usage', 'network_sent_rate', 'network_recv_rate', 'cpu', 'memory', 'disk', 'network', 'process_count', 'system_info', 'triage_decision', 'triage_processing', 'sir_hawkington', 'triage_stats']
INFO:app.api.simplified_websocket_routes:📊 Metrics size: 14919 chars
INFO:app.api.simplified_websocket_routes:🤖 Agent insights: ['sir_hawkington', 'meth_snail', 'hamsters', 'quantum_shadow_people', 'the_stick', 'vic_20_sage']
INFO:app.api.simplified_websocket_routes:💡 Insights: 10, Events: 0
INFO:app.api.simplified_websocket_routes:✅ Successfully sent 24644 char payload
INFO:MessageBus.vic_20_sage:📡 REDIS PUB: coordination_request → agents:meth_snail | from=vic_20_sage | priority=5 | id=e9a13cf0
INFO:Distributed.unknown:📨 SEND: coordination_request → meth_snail | from=vic_20_sage | priority=5
INFO:VIC20Sage.Distributed:🖥️✅ Coordination request sent to meth_snail
🔊 Broadcasting log: vic20_sage - system - 🖥️✅ Perception complete: 1 specialists available, 
🔊 Broadcasting log: vic20_sage - system - 🖥️🧠 Reasoning phase...
🔊 Broadcasting log: vic20_sage - system - 🖥️✅ Reasoning complete: route to meth_snail, confi
🔊 Broadcasting log: vic20_sage - system - 🖥️⚡ Action selection phase...
🔊 Broadcasting log: vic20_sage - system - 🖥️✅ Action selected: route_to_specialist, priority
🔊 Broadcasting log: vic20_sage - system - 🖥️📚 Learning phase...
🔊 Broadcasting log: vic20_sage - postgres - 🖥️💾 Learning record stored in PostgreSQL
🔊 Broadcasting log: vic20_sage - system - 🖥️📨 Routing to meth_snail...
🔊 Broadcasting log: vic20_sage - redis - 🖥️💬 Message: Coordination request from VIC-20: MEM
🔊 Broadcasting log: vic20_sage - system - 🖥️✅ Coordination request sent to meth_snail
Batches:   0%|          | 0/1 [00:00<?, ?it/s]INFO:MessageBus.the_stick:📨 REDIS SUB: decision_log ← from=vic_20_sage | to=broadcast | priority=5 | id=24f4fab1
INFO:TheStick.Distributed:📏📬 DECISION_LOG from vic_20_sage: coordination_v2 
INFO:MessageBus.quantum_shadow_people:📨 REDIS SUB: decision_log ← from=vic_20_sage | to=broadcast | priority=5 | id=24f4fab1
INFO:MessageBus.hamsters:📨 REDIS SUB: decision_log ← from=vic_20_sage | to=broadcast | priority=5 | id=24f4fab1
INFO:MessageBus.sir_hawkington:📨 REDIS SUB: decision_log ← from=vic_20_sage | to=broadcast | priority=5 | id=24f4fab1
INFO:MessageBus.vic_20_sage:📡 REDIS PUB: decision_log → agents:broadcast | from=vic_20_sage | priority=5 | id=24f4fab1
INFO:app.services.vector_storage:✅ Stored interaction vector: sir_hawkington → broadcast
INFO:StateManager.vic_20_sage:💾 REDIS SAVE: vic_20_sage state | decisions=102 | msgs_sent=2588 | health=healthy | uptime=430s
INFO:Distributed.unknown:📢 BROADCAST: decision_log | from=vic_20_sage | priority=5
INFO:VIC20Sage.Distributed:================================================================================
INFO:VIC20Sage.Distributed:🖥️✅ VIC-20 V2 COORDINATION COMPLETE
INFO:VIC20Sage.Distributed:================================================================================

INFO:SirHawkington.TriageEngine:================================================================================
INFO:SirHawkington.TriageEngine:🧐✅ DIRECT CALL RESULT: VIC-20 responded successfully=True
INFO:SirHawkington.TriageEngine:    Specialist: meth_snail
INFO:SirHawkington.TriageEngine:    Action: unknown
INFO:SirHawkington.TriageEngine:================================================================================
INFO:SimplifiedMetricsService:🧐📊 Collecting real system metrics from all services
Batches: 100%|██████████| 1/1 [00:02<00:00,  2.97s/it]Batches: 100%|██████████| 1/1 [00:02<00:00,  2.97s/it]
INFO:SimplifiedMemoryService:🧐✅ Memory metrics collected successfully: 47.8% usage, 10 processes analyzed, swap: 0.0%
INFO:SimplifiedDiskService:🧐✅ Disk metrics collected successfully: 34.8% usage, 1 partitions, 3 I/O devices
INFO:SimplifiedCPUService:🧐✅ CPU metrics collected successfully: 36.2% usage, 7 processes
INFO:app.services.vector_storage:✅ Stored interaction vector: vic_20_sage → meth_snail
INFO:SirHawkington.TriageEngine:🧐⚡ Triage complete: medium → vic20_coordination (5.026s)
INFO:SimplifiedMetricsService:🧐✨ Triage processing complete - enhanced metrics ready
INFO:MethSnail.Distributed:🐌📊 Metrics BEFORE: CPU 12.5%, Memory 51.0%, Disk 34.8%
INFO:TerryActionExecutor:🐌⚙️ Terry's action executor initialized - ready to execute!
INFO:TerryActionExecutor:🐌⚡ Executing action: clear_cache
WARNING:TerryActionExecutor:🐌⚠️ Unknown action clear_cache - falling back to cache clear
INFO:app.ai_agents.distributed.action_verification:📊 Started verification for meth_snail/ActionType.CACHE_CLEAR (ID: cache_clear_meth_snail_1767108188.92282_1767108188.922838)
INFO:app.ai_agents.distributed.system_actions:🐌💨 Cache Clear: Collected 0 objects
INFO:app.ai_agents.distributed.action_verification:❌ Action verified: meth_snail/ActionType.CACHE_CLEAR - INEFFECTIVE (+0.0% improvement, score: 0/100)
INFO:TerryActionExecutor:🐌✅ Action clear_cache executed successfully!
INFO:SimplifiedNetworkService:🧐✅ Network metrics collected successfully: 4 interfaces, 53 connections, rates: 12427945/12429877 bytes/s
INFO:SimplifiedMetricsService:🧐✅ Raw metrics collected successfully: CPU 36.2%, Memory 47.8%
INFO:SimplifiedMetricsService:🧐⚡ Routing metrics through Sir Hawkington's Triage Engine
INFO:SirHawkington.Brain:🧐 Sir Hawkington's decision: normal - confidence: 0.750
INFO:MessageBus.the_stick:📨 REDIS SUB: triage_alert ← from=sir_hawkington | to=broadcast | priority=5 | id=d8cdbdce
INFO:MessageBus.quantum_shadow_people:📨 REDIS SUB: triage_alert ← from=sir_hawkington | to=broadcast | priority=5 | id=d8cdbdce
INFO:MessageBus.hamsters:📨 REDIS SUB: triage_alert ← from=sir_hawkington | to=broadcast | priority=5 | id=d8cdbdce
INFO:MessageBus.sir_hawkington:📡 REDIS PUB: triage_alert → agents:broadcast | from=sir_hawkington | priority=5 | id=d8cdbdce
INFO:StateManager.sir_hawkington:💾 REDIS SAVE: sir_hawkington state | decisions=456 | msgs_sent=72384 | health=healthy | uptime=436s
INFO:SirHawkington.TriageEngine:🧐📡 Triage decision broadcast: medium → vic20_coordination (targets: vic_20_sage)
INFO:SirHawkington.TriageEngine:================================================================================
INFO:SirHawkington.TriageEngine:🧐📞 DIRECT CALL: Hawkington → VIC-20 (COORDINATION)
INFO:SirHawkington.TriageEngine:================================================================================
INFO:VIC20Sage.Distributed:
================================================================================
INFO:VIC20Sage.Distributed:🖥️🎯 VIC-20 V2 COORDINATION INITIATED
INFO:VIC20Sage.Distributed:================================================================================
INFO:VIC20Sage.Distributed:🖥️📞 Triage alert from Sir Hawkington: memory at 47.8% (severity: medium, Hawk confidence: 0.75)
INFO:VIC20Sage.Distributed:🖥️👁️ Perception phase...
INFO:VIC20Perception:🖥️👁️ Perceiving coordination context for memory alert (severity: medium, Hawk confidence: 0.50)
🔊 Broadcasting log: the_stick - system - 📏📬 DECISION_LOG from vic_20_sage: coordination_v2 
🔊 Broadcasting log: vic20_sage - system - ==================================================
🔊 Broadcasting log: vic20_sage - system - 🖥️✅ VIC-20 V2 COORDINATION COMPLETE
🔊 Broadcasting log: vic20_sage - system - ==================================================
🔊 Broadcasting log: meth_snail - system - 🐌📊 Metrics BEFORE: CPU 12.5%, Memory 51.0%, Disk 3
🔊 Broadcasting log: vic20_sage - system - 
=================================================
🔊 Broadcasting log: vic20_sage - system - 🖥️🎯 VIC-20 V2 COORDINATION INITIATED
🔊 Broadcasting log: vic20_sage - system - ==================================================
🔊 Broadcasting log: vic20_sage - system - 🖥️📞 Triage alert from Sir Hawkington: memory at 47
🔊 Broadcasting log: vic20_sage - system - 🖥️👁️ Perception phase...
Batches:   0%|          | 0/1 [00:00<?, ?it/s]INFO:VIC20Perception:🖥️✅ Perception complete: 1 specialists available, routing_confidence=0.80, system_load=0.38
INFO:VIC20Sage.Distributed:🖥️✅ Perception complete: 1 specialists available, system load: 0.3824
INFO:VIC20Sage.Distributed:🖥️🧠 Reasoning phase...
INFO:VIC20Reasoning:🖥️🧠 Reasoning about memory coordination...
INFO:VIC20Reasoning:🖥️✅ Reasoning complete: route to meth_snail, confidence=0.61, urgency=normal
INFO:VIC20Sage.Distributed:🖥️✅ Reasoning complete: route to meth_snail, confidence=0.61, urgency=normal
INFO:VIC20Sage.Distributed:🖥️⚡ Action selection phase...
INFO:VIC20ActionSelection:🖥️⚡ Selecting coordination action for memory...
INFO:VIC20ActionSelection:🖥️✅ Action selected: route_to_specialist to meth_snail, priority=normal, strategy=sequential
INFO:VIC20Sage.Distributed:🖥️✅ Action selected: route_to_specialist, priority=normal, strategy=sequential
INFO:VIC20Sage.Distributed:🖥️📚 Learning phase...
INFO:VIC20Learning:🖥️📚 Recording coordination routing for learning...
INFO:VIC20Learning:🖥️✅ Learning recorded: routed to meth_snail, confidence=0.61
INFO:VIC20Sage.Distributed:🖥️💾 Learning record stored in PostgreSQL
INFO:VIC20Sage.Distributed:🖥️📨 Routing to meth_snail...
INFO:VIC20Sage.Distributed:🖥️💬 Message: Coordination request from VIC-20: MEMORY at 47.8% (threshold: 85.0%). Recommended action: clear_cache. Sir Hawkington's assessment: severity=medium, confidence=0.50. 
INFO:MessageBus.vic_20_sage:📡 REDIS PUB: coordination_request → agents:meth_snail | from=vic_20_sage | priority=5 | id=0e2f5572
INFO:Distributed.unknown:📨 SEND: coordination_request → meth_snail | from=vic_20_sage | priority=5
INFO:VIC20Sage.Distributed:🖥️✅ Coordination request sent to meth_snail
INFO:MessageBus.the_stick:📨 REDIS SUB: decision_log ← from=vic_20_sage | to=broadcast | priority=5 | id=97d9f4be
INFO:TheStick.Distributed:📏📬 DECISION_LOG from vic_20_sage: coordination_v2 
INFO:MessageBus.quantum_shadow_people:📨 REDIS SUB: decision_log ← from=vic_20_sage | to=broadcast | priority=5 | id=97d9f4be
INFO:MessageBus.hamsters:📨 REDIS SUB: decision_log ← from=vic_20_sage | to=broadcast | priority=5 | id=97d9f4be
INFO:MessageBus.sir_hawkington:📨 REDIS SUB: decision_log ← from=vic_20_sage | to=broadcast | priority=5 | id=97d9f4be
INFO:SimplifiedMetricsService:🧐📊 Collecting real system metrics from all services
🔊 Broadcasting log: vic20_sage - system - 🖥️✅ Perception complete: 1 specialists available, 
🔊 Broadcasting log: vic20_sage - system - 🖥️🧠 Reasoning phase...
🔊 Broadcasting log: vic20_sage - system - 🖥️✅ Reasoning complete: route to meth_snail, confi
🔊 Broadcasting log: vic20_sage - system - 🖥️⚡ Action selection phase...
🔊 Broadcasting log: vic20_sage - system - 🖥️✅ Action selected: route_to_specialist, priority
🔊 Broadcasting log: vic20_sage - system - 🖥️📚 Learning phase...
🔊 Broadcasting log: vic20_sage - postgres - 🖥️💾 Learning record stored in PostgreSQL
🔊 Broadcasting log: vic20_sage - system - 🖥️📨 Routing to meth_snail...
🔊 Broadcasting log: vic20_sage - redis - 🖥️💬 Message: Coordination request from VIC-20: MEM
🔊 Broadcasting log: vic20_sage - system - 🖥️✅ Coordination request sent to meth_snail
🔊 Broadcasting log: the_stick - system - 📏📬 DECISION_LOG from vic_20_sage: coordination_v2 

Batches:   0%|          | 0/1 [00:00<?, ?it/s][ABatches: 100%|██████████| 1/1 [00:00<00:00,  1.43it/s]Batches: 100%|██████████| 1/1 [00:00<00:00,  1.43it/s]

Batches: 100%|██████████| 1/1 [00:00<00:00,  3.25it/s][ABatches: 100%|██████████| 1/1 [00:00<00:00,  3.25it/s]
INFO:SimplifiedMemoryService:🧐✅ Memory metrics collected successfully: 47.7% usage, 10 processes analyzed, swap: 0.0%
INFO:SimplifiedDiskService:🧐✅ Disk metrics collected successfully: 34.8% usage, 1 partitions, 3 I/O devices
INFO:MessageBus.vic_20_sage:📡 REDIS PUB: decision_log → agents:broadcast | from=vic_20_sage | priority=5 | id=97d9f4be
INFO:SimplifiedCPUService:🧐✅ CPU metrics collected successfully: 55.6% usage, 8 processes
INFO:StateManager.vic_20_sage:💾 REDIS SAVE: vic_20_sage state | decisions=102 | msgs_sent=2589 | health=healthy | uptime=437s
INFO:Distributed.unknown:📢 BROADCAST: decision_log | from=vic_20_sage | priority=5
INFO:VIC20Sage.Distributed:================================================================================
INFO:VIC20Sage.Distributed:🖥️✅ VIC-20 V2 COORDINATION COMPLETE
INFO:VIC20Sage.Distributed:================================================================================

INFO:SirHawkington.TriageEngine:================================================================================
INFO:SirHawkington.TriageEngine:🧐✅ DIRECT CALL RESULT: VIC-20 responded successfully=True
INFO:SirHawkington.TriageEngine:    Specialist: meth_snail
INFO:SirHawkington.TriageEngine:    Action: unknown
INFO:SirHawkington.TriageEngine:================================================================================
INFO:app.services.vector_storage:✅ Stored interaction vector: sir_hawkington → broadcast
INFO:app.services.vector_storage:✅ Stored interaction vector: vic_20_sage → meth_snail
INFO:SirHawkington.TriageEngine:🧐⚡ Triage complete: medium → vic20_coordination (2.269s)
INFO:SimplifiedMetricsService:🧐✨ Triage processing complete - enhanced metrics ready
INFO:app.api.simplified_websocket_routes:🐌 TERRY PAYLOAD FIELDS: ['status', 'distributed', 'agent_name', 'agent_type', 'is_active', 'total_analyses', 'successful_analyses', 'shell_spin_count', 'energy_drinks_consumed', 'current_jitter_level', 'optimization_stats']
INFO:app.api.simplified_websocket_routes:🐌 shell_spin_count: 1
INFO:app.api.simplified_websocket_routes:🐌 energy_drinks_consumed: 0
INFO:app.api.simplified_websocket_routes:🎯 TRIAGE RESULT KEYS: ['status', 'triage', 'agent']
INFO:app.api.simplified_websocket_routes:🎯 DISPOSITION: None
INFO:app.api.simplified_websocket_routes:🎯 AGENT_DISPATCH: []
INFO:app.api.simplified_websocket_routes:✅ Extracted 6 agent insights (cached for reuse)
INFO:app.api.simplified_websocket_routes:🔍 Agent insights keys: ['sir_hawkington', 'meth_snail', 'hamsters', 'quantum_shadow_people', 'the_stick', 'vic_20_sage']
INFO:app.api.simplified_websocket_routes:🔍 sir_hawkington data: {'status': 'active', 'distributed': {'distributed_enabled': True, 'agent_name': 'sir_hawkington', 'health': 'healthy', 'total_decisions': 456, 'total_messages_sent': 72384, 'total_messages_received': 
INFO:app.api.simplified_websocket_routes:🔍 meth_snail data: {'status': 'active', 'distributed': {'distributed_enabled': True, 'agent_name': 'meth_snail', 'health': 'healthy', 'total_decisions': 128, 'total_messages_sent': 10435, 'total_messages_received': 0, '
INFO:app.api.simplified_websocket_routes:🔍 hamsters data: {'status': 'active', 'distributed': {'distributed_enabled': True, 'agent_name': 'hamsters', 'health': 'healthy', 'total_decisions': 872, 'total_messages_sent': 14, 'total_messages_received': 0, 'uptim
INFO:app.api.simplified_websocket_routes:🔍 quantum_shadow_people data: {'status': 'active', 'distributed': {'distributed_enabled': True, 'agent_name': 'quantum_shadow_people', 'health': 'healthy', 'total_decisions': 549, 'total_messages_sent': 4627, 'total_messages_recei
INFO:app.api.simplified_websocket_routes:🔍 the_stick data: {'status': 'active', 'distributed': {'distributed_enabled': True, 'agent_name': 'the_stick', 'health': 'healthy', 'total_decisions': 1066, 'total_messages_sent': 15, 'total_messages_received': 0, 'upt
INFO:app.api.simplified_websocket_routes:🔍 vic_20_sage data: {'status': 'active', 'distributed': {'distributed_enabled': True, 'agent_name': 'vic_20_sage', 'health': 'healthy', 'total_decisions': 102, 'total_messages_sent': 2589, 'total_messages_received': 0, '
INFO:SimplifiedNetworkService:🧐✅ Network metrics collected successfully: 4 interfaces, 53 connections, rates: 16594569/16595300 bytes/s
INFO:SimplifiedMetricsService:🧐✅ Raw metrics collected successfully: CPU 55.6%, Memory 47.7%
INFO:SimplifiedMetricsService:🧐⚡ Routing metrics through Sir Hawkington's Triage Engine
INFO:SirHawkington.Brain:🧐 Sir Hawkington's decision: normal - confidence: 0.750
INFO:MetricsRepository:💾 SystemMetrics persisted id=61054 user=f0d55cd0-1c83-4ff6-9cf2-271a0e701160
INFO:app.api.simplified_websocket_routes:📊 Metrics structure: ['timestamp', 'cpu_usage', 'memory_usage', 'disk_usage', 'network_sent_rate', 'network_recv_rate', 'cpu', 'memory', 'disk', 'network', 'process_count', 'system_info', 'triage_decision', 'triage_processing', 'sir_hawkington', 'triage_stats']
INFO:app.api.simplified_websocket_routes:📊 Metrics size: 15807 chars
INFO:app.api.simplified_websocket_routes:🤖 Agent insights: ['sir_hawkington', 'meth_snail', 'hamsters', 'quantum_shadow_people', 'the_stick', 'vic_20_sage']
INFO:app.api.simplified_websocket_routes:💡 Insights: 10, Events: 0
INFO:app.api.simplified_websocket_routes:✅ Successfully sent 25586 char payload
INFO:MessageBus.the_stick:📨 REDIS SUB: triage_alert ← from=sir_hawkington | to=broadcast | priority=2 | id=a8cefc39
INFO:MessageBus.quantum_shadow_people:📨 REDIS SUB: triage_alert ← from=sir_hawkington | to=broadcast | priority=2 | id=a8cefc39
INFO:MessageBus.hamsters:📨 REDIS SUB: triage_alert ← from=sir_hawkington | to=broadcast | priority=2 | id=a8cefc39
INFO:MessageBus.sir_hawkington:📡 REDIS PUB: triage_alert → agents:broadcast | from=sir_hawkington | priority=2 | id=a8cefc39
INFO:StateManager.sir_hawkington:💾 REDIS SAVE: sir_hawkington state | decisions=456 | msgs_sent=72385 | health=healthy | uptime=438s
INFO:SirHawkington.TriageEngine:🧐📡 Triage decision broadcast: high → vic20_emergency (targets: vic_20_sage)
WARNING:SirHawkington.TriageEngine:🧐💥 MONOCLE YEETED TO VIC-20 - EMERGENCY ORCHESTRATION ACTIVATED!
WARNING:SirHawkington.TriageEngine:================================================================================
WARNING:SirHawkington.TriageEngine:🧐💥📞 DIRECT CALL: Hawkington → VIC-20 (EMERGENCY!!!)
WARNING:SirHawkington.TriageEngine:================================================================================
INFO:VIC20Sage.Distributed:
================================================================================
INFO:VIC20Sage.Distributed:🖥️🎯 VIC-20 V2 COORDINATION INITIATED
INFO:VIC20Sage.Distributed:================================================================================
INFO:VIC20Sage.Distributed:🖥️📞 Triage alert from Sir Hawkington: cpu at 55.6% (severity: high, Hawk confidence: 0.75)
INFO:VIC20Sage.Distributed:🖥️👁️ Perception phase...
INFO:VIC20Perception:🖥️👁️ Perceiving coordination context for cpu alert (severity: high, Hawk confidence: 0.50)
🔊 Broadcasting log: vic20_sage - system - ==================================================
🔊 Broadcasting log: vic20_sage - system - 🖥️✅ VIC-20 V2 COORDINATION COMPLETE
🔊 Broadcasting log: vic20_sage - system - ==================================================
🔊 Broadcasting log: vic20_sage - system - 
=================================================
🔊 Broadcasting log: vic20_sage - system - 🖥️🎯 VIC-20 V2 COORDINATION INITIATED
🔊 Broadcasting log: vic20_sage - system - ==================================================
🔊 Broadcasting log: vic20_sage - system - 🖥️📞 Triage alert from Sir Hawkington: cpu at 55.6%
🔊 Broadcasting log: vic20_sage - system - 🖥️👁️ Perception phase...
Batches:   0%|          | 0/1 [00:00<?, ?it/s]INFO:VIC20Perception:🖥️✅ Perception complete: 1 specialists available, routing_confidence=0.78, system_load=0.56
INFO:VIC20Sage.Distributed:🖥️✅ Perception complete: 1 specialists available, system load: 0.556
INFO:VIC20Sage.Distributed:🖥️🧠 Reasoning phase...
INFO:VIC20Reasoning:🖥️🧠 Reasoning about cpu coordination...
INFO:VIC20Reasoning:🖥️✅ Reasoning complete: route to meth_snail, confidence=0.58, urgency=high
INFO:VIC20Sage.Distributed:🖥️✅ Reasoning complete: route to meth_snail, confidence=0.58, urgency=high
INFO:VIC20Sage.Distributed:🖥️⚡ Action selection phase...
INFO:VIC20ActionSelection:🖥️⚡ Selecting coordination action for cpu...
INFO:VIC20ActionSelection:🖥️✅ Action selected: monitor to meth_snail, priority=high, strategy=sequential
INFO:VIC20Sage.Distributed:🖥️✅ Action selected: monitor, priority=high, strategy=sequential
INFO:VIC20Sage.Distributed:🖥️📚 Learning phase...
INFO:VIC20Learning:🖥️📚 Recording coordination routing for learning...
INFO:VIC20Learning:🖥️✅ Learning recorded: routed to meth_snail, confidence=0.58
INFO:VIC20Sage.Distributed:🖥️💾 Learning record stored in PostgreSQL
INFO:VIC20Sage.Distributed:🖥️⏸️ Action type: monitor - not routing
WARNING:SirHawkington.TriageEngine:================================================================================
WARNING:SirHawkington.TriageEngine:🧐💥✅ EMERGENCY CALL RESULT: VIC-20 responded successfully=True
WARNING:SirHawkington.TriageEngine:    Specialist: unknown
WARNING:SirHawkington.TriageEngine:    Action: unknown
WARNING:SirHawkington.TriageEngine:================================================================================
INFO:SimplifiedMetricsService:🧐📊 Collecting real system metrics from all services
Batches: 100%|██████████| 1/1 [00:00<00:00,  1.73it/s]Batches: 100%|██████████| 1/1 [00:00<00:00,  1.73it/s]
INFO:SimplifiedMemoryService:🧐✅ Memory metrics collected successfully: 47.6% usage, 10 processes analyzed, swap: 0.0%
INFO:SimplifiedDiskService:🧐✅ Disk metrics collected successfully: 34.8% usage, 1 partitions, 3 I/O devices
INFO:SimplifiedCPUService:🧐✅ CPU metrics collected successfully: 24.4% usage, 5 processes
INFO:app.services.vector_storage:✅ Stored interaction vector: sir_hawkington → broadcast
INFO:SirHawkington.TriageEngine:🧐⚡ Triage complete: high → vic20_emergency (1.676s)
INFO:SimplifiedMetricsService:🧐✨ Triage processing complete - enhanced metrics ready
INFO:MethSnail.Distributed:🐌📊 Metrics AFTER: CPU 55.6%, Memory 47.7%, Disk 34.8%
INFO:TerryLearning:🐌📚 Terry's learning system initialized - ready to learn!
INFO:TerryLearning:🐌📚 Terry learning from this experience...
INFO:TerryLearning:   ✓ SUCCESS! clear_cache worked. Improvement: {'cpu_usage': 43.1, 'memory_usage': -3.299999999999997, 'disk_usage': 0.0}
INFO:MethSnail.Distributed:🐌📚 Learning stored: clear_cache SUCCEEDED
INFO:MethSnail.Distributed:🐌✅ clear_cache succeeded! CPU: -43.1%, Memory: +3.3%, Disk: +0.0%
INFO:meth_snail.Database:🐌💾 Dual-write complete: CMB=b12de143-2dbb-4745-a53d-e758c3958ffd, SnailMemory=433a078f-8048-42c6-8b18-4573cc4288a7
🔊 Broadcasting log: vic20_sage - system - 🖥️✅ Perception complete: 1 specialists available, 
🔊 Broadcasting log: vic20_sage - system - 🖥️🧠 Reasoning phase...
🔊 Broadcasting log: vic20_sage - system - 🖥️✅ Reasoning complete: route to meth_snail, confi
🔊 Broadcasting log: vic20_sage - system - 🖥️⚡ Action selection phase...
🔊 Broadcasting log: vic20_sage - system - 🖥️✅ Action selected: monitor, priority=high, strat
🔊 Broadcasting log: vic20_sage - system - 🖥️📚 Learning phase...
🔊 Broadcasting log: vic20_sage - postgres - 🖥️💾 Learning record stored in PostgreSQL
🔊 Broadcasting log: vic20_sage - system - 🖥️⏸️ Action type: monitor - not routing
🔊 Broadcasting log: meth_snail - system - 🐌📊 Metrics AFTER: CPU 55.6%, Memory 47.7%, Disk 34
🔊 Broadcasting log: meth_snail - system - 🐌📚 Learning stored: clear_cache SUCCEEDED
🔊 Broadcasting log: meth_snail - system - 🐌✅ clear_cache succeeded! CPU: -43.1%, Memory: +3.
Batches:   0%|          | 0/1 [00:00<?, ?it/s]Batches: 100%|██████████| 1/1 [00:00<00:00,  1.74it/s]Batches: 100%|██████████| 1/1 [00:00<00:00,  1.74it/s]
INFO:MethSnail.Distributed:🐌💾 Action result written to PostgreSQL
INFO:MessageBus.the_stick:📨 REDIS SUB: action_report ← from=meth_snail | to=broadcast | priority=5 | id=e41c3ac4
INFO:MessageBus.quantum_shadow_people:📨 REDIS SUB: action_report ← from=meth_snail | to=broadcast | priority=5 | id=e41c3ac4
INFO:MessageBus.hamsters:📨 REDIS SUB: action_report ← from=meth_snail | to=broadcast | priority=5 | id=e41c3ac4
INFO:MessageBus.sir_hawkington:📨 REDIS SUB: action_report ← from=meth_snail | to=broadcast | priority=5 | id=e41c3ac4
INFO:SimplifiedNetworkService:🧐✅ Network metrics collected successfully: 4 interfaces, 53 connections, rates: 24753190/24752970 bytes/s
INFO:SimplifiedMetricsService:🧐✅ Raw metrics collected successfully: CPU 24.4%, Memory 47.6%
INFO:SimplifiedMetricsService:🧐⚡ Routing metrics through Sir Hawkington's Triage Engine
INFO:SirHawkington.Brain:🧐 Sir Hawkington's decision: normal - confidence: 0.750
INFO:MessageBus.the_stick:📨 REDIS SUB: triage_alert ← from=sir_hawkington | to=broadcast | priority=5 | id=cd529ca7
INFO:MessageBus.quantum_shadow_people:📨 REDIS SUB: triage_alert ← from=sir_hawkington | to=broadcast | priority=5 | id=cd529ca7
INFO:MessageBus.hamsters:📨 REDIS SUB: triage_alert ← from=sir_hawkington | to=broadcast | priority=5 | id=cd529ca7
INFO:MessageBus.meth_snail:📡 REDIS PUB: action_report → agents:broadcast | from=meth_snail | priority=5 | id=e41c3ac4
🔊 Broadcasting log: meth_snail - postgres - 🐌💾 Action result written to PostgreSQL
Batches:   0%|          | 0/1 [00:00<?, ?it/s]INFO:StateManager.meth_snail:💾 REDIS SAVE: meth_snail state | decisions=128 | msgs_sent=10436 | health=healthy | uptime=441s
INFO:Distributed.unknown:📢 BROADCAST: action_report | from=meth_snail | priority=5
INFO:MessageBus.sir_hawkington:📡 REDIS PUB: triage_alert → agents:broadcast | from=sir_hawkington | priority=5 | id=cd529ca7
INFO:MessageBus.the_stick:📨 REDIS SUB: decision_log ← from=meth_snail | to=broadcast | priority=5 | id=d95cd081
INFO:TheStick.Distributed:📏📬 DECISION_LOG from meth_snail: specialist_action 
INFO:MessageBus.quantum_shadow_people:📨 REDIS SUB: decision_log ← from=meth_snail | to=broadcast | priority=5 | id=d95cd081
INFO:MessageBus.hamsters:📨 REDIS SUB: decision_log ← from=meth_snail | to=broadcast | priority=5 | id=d95cd081
INFO:MessageBus.sir_hawkington:📨 REDIS SUB: decision_log ← from=meth_snail | to=broadcast | priority=5 | id=d95cd081
INFO:app.services.vector_storage:✅ Stored decision vector for meth_snail: specialist_action
INFO:StateManager.sir_hawkington:💾 REDIS SAVE: sir_hawkington state | decisions=456 | msgs_sent=72386 | health=healthy | uptime=441s
INFO:SirHawkington.TriageEngine:🧐📡 Triage decision broadcast: medium → vic20_coordination (targets: vic_20_sage)
INFO:SirHawkington.TriageEngine:================================================================================
INFO:SirHawkington.TriageEngine:🧐📞 DIRECT CALL: Hawkington → VIC-20 (COORDINATION)
INFO:SirHawkington.TriageEngine:================================================================================
INFO:VIC20Sage.Distributed:
================================================================================
INFO:VIC20Sage.Distributed:🖥️🎯 VIC-20 V2 COORDINATION INITIATED
INFO:VIC20Sage.Distributed:================================================================================
INFO:VIC20Sage.Distributed:🖥️📞 Triage alert from Sir Hawkington: memory at 47.6% (severity: medium, Hawk confidence: 0.75)
INFO:VIC20Sage.Distributed:🖥️👁️ Perception phase...
INFO:VIC20Perception:🖥️👁️ Perceiving coordination context for memory alert (severity: medium, Hawk confidence: 0.50)
INFO:MessageBus.meth_snail:📡 REDIS PUB: decision_log → agents:broadcast | from=meth_snail | priority=5 | id=d95cd081
🔊 Broadcasting log: the_stick - system - 📏📬 DECISION_LOG from meth_snail: specialist_action
🔊 Broadcasting log: vic20_sage - system - 
=================================================
🔊 Broadcasting log: vic20_sage - system - 🖥️🎯 VIC-20 V2 COORDINATION INITIATED
🔊 Broadcasting log: vic20_sage - system - ==================================================
🔊 Broadcasting log: vic20_sage - system - 🖥️📞 Triage alert from Sir Hawkington: memory at 47
🔊 Broadcasting log: vic20_sage - system - 🖥️👁️ Perception phase...

Batches:   0%|          | 0/1 [00:00<?, ?it/s][AINFO:StateManager.meth_snail:💾 REDIS SAVE: meth_snail state | decisions=128 | msgs_sent=10437 | health=healthy | uptime=442s
INFO:Distributed.unknown:📢 BROADCAST: decision_log | from=meth_snail | priority=5
INFO:MethSnail.Distributed:🐌📬 COORDINATION REQUEST from VIC-20: memory at 48.8% - VIC-20 suggests: clear_cache
INFO:TerryPerception:🐌👁️ Terry's perception system initialized - ready to see EVERYTHING
INFO:TerryPerception:🐌🔍 Terry perceiving situation...
INFO:SimplifiedMetricsService:🧐📊 Collecting real system metrics from all services
Batches: 100%|██████████| 1/1 [00:00<00:00,  1.43it/s]Batches: 100%|██████████| 1/1 [00:00<00:00,  1.43it/s]

Batches: 100%|██████████| 1/1 [00:00<00:00,  2.18it/s][ABatches: 100%|██████████| 1/1 [00:00<00:00,  2.17it/s]
INFO:SimplifiedMemoryService:🧐✅ Memory metrics collected successfully: 50.0% usage, 10 processes analyzed, swap: 0.0%
INFO:SimplifiedDiskService:🧐✅ Disk metrics collected successfully: 34.8% usage, 1 partitions, 3 I/O devices
INFO:SimplifiedCPUService:🧐✅ CPU metrics collected successfully: 82.3% usage, 8 processes
INFO:VIC20Perception:🖥️✅ Perception complete: 1 specialists available, routing_confidence=0.80, system_load=0.38
INFO:VIC20Sage.Distributed:🖥️✅ Perception complete: 1 specialists available, system load: 0.3808
INFO:VIC20Sage.Distributed:🖥️🧠 Reasoning phase...
INFO:VIC20Reasoning:🖥️🧠 Reasoning about memory coordination...
INFO:VIC20Reasoning:🖥️✅ Reasoning complete: route to meth_snail, confidence=0.61, urgency=normal
INFO:VIC20Sage.Distributed:🖥️✅ Reasoning complete: route to meth_snail, confidence=0.61, urgency=normal
INFO:VIC20Sage.Distributed:🖥️⚡ Action selection phase...
INFO:VIC20ActionSelection:🖥️⚡ Selecting coordination action for memory...
INFO:VIC20ActionSelection:🖥️✅ Action selected: route_to_specialist to meth_snail, priority=normal, strategy=sequential
INFO:VIC20Sage.Distributed:🖥️✅ Action selected: route_to_specialist, priority=normal, strategy=sequential
INFO:VIC20Sage.Distributed:🖥️📚 Learning phase...
INFO:VIC20Learning:🖥️📚 Recording coordination routing for learning...
INFO:VIC20Learning:🖥️✅ Learning recorded: routed to meth_snail, confidence=0.61
INFO:VIC20Sage.Distributed:🖥️💾 Learning record stored in PostgreSQL
INFO:VIC20Sage.Distributed:🖥️📨 Routing to meth_snail...
INFO:VIC20Sage.Distributed:🖥️💬 Message: Coordination request from VIC-20: MEMORY at 47.6% (threshold: 85.0%). Recommended action: clear_cache. Sir Hawkington's assessment: severity=medium, confidence=0.50. 
INFO:app.services.vector_storage:✅ Stored interaction vector: meth_snail → broadcast
INFO:app.services.vector_storage:✅ Stored interaction vector: sir_hawkington → broadcast
INFO:MessageBus.vic_20_sage:📡 REDIS PUB: coordination_request → agents:meth_snail | from=vic_20_sage | priority=5 | id=ac98d925
INFO:Distributed.unknown:📨 SEND: coordination_request → meth_snail | from=vic_20_sage | priority=5
INFO:VIC20Sage.Distributed:🖥️✅ Coordination request sent to meth_snail
INFO:MessageBus.the_stick:📨 REDIS SUB: decision_log ← from=vic_20_sage | to=broadcast | priority=5 | id=6016368b
INFO:TheStick.Distributed:📏📬 DECISION_LOG from vic_20_sage: coordination_v2 
INFO:MessageBus.quantum_shadow_people:📨 REDIS SUB: decision_log ← from=vic_20_sage | to=broadcast | priority=5 | id=6016368b
INFO:MessageBus.hamsters:📨 REDIS SUB: decision_log ← from=vic_20_sage | to=broadcast | priority=5 | id=6016368b
INFO:MessageBus.sir_hawkington:📨 REDIS SUB: decision_log ← from=vic_20_sage | to=broadcast | priority=5 | id=6016368b
INFO:MessageBus.vic_20_sage:📡 REDIS PUB: decision_log → agents:broadcast | from=vic_20_sage | priority=5 | id=6016368b
🔊 Broadcasting log: meth_snail - system - 🐌📬 COORDINATION REQUEST from VIC-20: memory at 48.
🔊 Broadcasting log: vic20_sage - system - 🖥️✅ Perception complete: 1 specialists available, 
🔊 Broadcasting log: vic20_sage - system - 🖥️🧠 Reasoning phase...
🔊 Broadcasting log: vic20_sage - system - 🖥️✅ Reasoning complete: route to meth_snail, confi
🔊 Broadcasting log: vic20_sage - system - 🖥️⚡ Action selection phase...
🔊 Broadcasting log: vic20_sage - system - 🖥️✅ Action selected: route_to_specialist, priority
🔊 Broadcasting log: vic20_sage - system - 🖥️📚 Learning phase...
🔊 Broadcasting log: vic20_sage - postgres - 🖥️💾 Learning record stored in PostgreSQL
🔊 Broadcasting log: vic20_sage - system - 🖥️📨 Routing to meth_snail...
🔊 Broadcasting log: vic20_sage - redis - 🖥️💬 Message: Coordination request from VIC-20: MEM
🔊 Broadcasting log: vic20_sage - system - 🖥️✅ Coordination request sent to meth_snail
🔊 Broadcasting log: the_stick - system - 📏📬 DECISION_LOG from vic_20_sage: coordination_v2 
Batches:   0%|          | 0/1 [00:00<?, ?it/s]INFO:StateManager.vic_20_sage:💾 REDIS SAVE: vic_20_sage state | decisions=102 | msgs_sent=2590 | health=healthy | uptime=443s
INFO:Distributed.unknown:📢 BROADCAST: decision_log | from=vic_20_sage | priority=5
INFO:VIC20Sage.Distributed:================================================================================
INFO:VIC20Sage.Distributed:🖥️✅ VIC-20 V2 COORDINATION COMPLETE
INFO:VIC20Sage.Distributed:================================================================================

INFO:SirHawkington.TriageEngine:================================================================================
INFO:SirHawkington.TriageEngine:🧐✅ DIRECT CALL RESULT: VIC-20 responded successfully=True
INFO:SirHawkington.TriageEngine:    Specialist: meth_snail
INFO:SirHawkington.TriageEngine:    Action: unknown
INFO:SirHawkington.TriageEngine:================================================================================
INFO:SimplifiedNetworkService:🧐✅ Network metrics collected successfully: 4 interfaces, 53 connections, rates: 22016166/22019457 bytes/s
INFO:SimplifiedMetricsService:🧐✅ Raw metrics collected successfully: CPU 82.3%, Memory 50.0%
INFO:SimplifiedMetricsService:🧐⚡ Routing metrics through Sir Hawkington's Triage Engine
INFO:SirHawkington.Brain:🧐 Sir Hawkington's decision: normal - confidence: 0.950
INFO:MessageBus.the_stick:📨 REDIS SUB: triage_alert ← from=sir_hawkington | to=broadcast | priority=2 | id=4877d979
INFO:MessageBus.quantum_shadow_people:📨 REDIS SUB: triage_alert ← from=sir_hawkington | to=broadcast | priority=2 | id=4877d979
INFO:MessageBus.hamsters:📨 REDIS SUB: triage_alert ← from=sir_hawkington | to=broadcast | priority=2 | id=4877d979
INFO:MessageBus.sir_hawkington:📡 REDIS PUB: triage_alert → agents:broadcast | from=sir_hawkington | priority=2 | id=4877d979
INFO:StateManager.sir_hawkington:💾 REDIS SAVE: sir_hawkington state | decisions=456 | msgs_sent=72387 | health=healthy | uptime=444s
INFO:SirHawkington.TriageEngine:🧐📡 Triage decision broadcast: high → vic20_emergency (targets: vic_20_sage)
WARNING:SirHawkington.TriageEngine:🧐💥 MONOCLE YEETED TO VIC-20 - EMERGENCY ORCHESTRATION ACTIVATED!
WARNING:SirHawkington.TriageEngine:================================================================================
WARNING:SirHawkington.TriageEngine:🧐💥📞 DIRECT CALL: Hawkington → VIC-20 (EMERGENCY!!!)
WARNING:SirHawkington.TriageEngine:================================================================================
INFO:VIC20Sage.Distributed:
================================================================================
INFO:VIC20Sage.Distributed:🖥️🎯 VIC-20 V2 COORDINATION INITIATED
INFO:VIC20Sage.Distributed:================================================================================
INFO:VIC20Sage.Distributed:🖥️📞 Triage alert from Sir Hawkington: cpu at 82.3% (severity: high, Hawk confidence: 0.95)
INFO:VIC20Sage.Distributed:🖥️👁️ Perception phase...
INFO:VIC20Perception:🖥️👁️ Perceiving coordination context for cpu alert (severity: high, Hawk confidence: 0.50)
Batches: 100%|██████████| 1/1 [00:00<00:00,  1.20it/s]Batches: 100%|██████████| 1/1 [00:00<00:00,  1.20it/s]
🔊 Broadcasting log: vic20_sage - system - ==================================================
🔊 Broadcasting log: vic20_sage - system - 🖥️✅ VIC-20 V2 COORDINATION COMPLETE
🔊 Broadcasting log: vic20_sage - system - ==================================================
🔊 Broadcasting log: vic20_sage - system - 
=================================================
🔊 Broadcasting log: vic20_sage - system - 🖥️🎯 VIC-20 V2 COORDINATION INITIATED
🔊 Broadcasting log: vic20_sage - system - ==================================================
🔊 Broadcasting log: vic20_sage - system - 🖥️📞 Triage alert from Sir Hawkington: cpu at 82.3%
🔊 Broadcasting log: vic20_sage - system - 🖥️👁️ Perception phase...
Batches:   0%|          | 0/1 [00:00<?, ?it/s]INFO:SirHawkington.TriageEngine:🧐⚡ Triage complete: medium → vic20_coordination (2.646s)
INFO:SimplifiedMetricsService:🧐✨ Triage processing complete - enhanced metrics ready
INFO:app.services.vector_storage:✅ Stored interaction vector: vic_20_sage → meth_snail
INFO:VIC20Perception:🖥️✅ Perception complete: 1 specialists available, routing_confidence=0.78, system_load=0.82
INFO:VIC20Sage.Distributed:🖥️✅ Perception complete: 1 specialists available, system load: 0.823
INFO:VIC20Sage.Distributed:🖥️🧠 Reasoning phase...
INFO:VIC20Reasoning:🖥️🧠 Reasoning about cpu coordination...
INFO:VIC20Reasoning:🖥️✅ Reasoning complete: route to meth_snail, confidence=0.58, urgency=high
INFO:VIC20Sage.Distributed:🖥️✅ Reasoning complete: route to meth_snail, confidence=0.58, urgency=high
INFO:VIC20Sage.Distributed:🖥️⚡ Action selection phase...
INFO:VIC20ActionSelection:🖥️⚡ Selecting coordination action for cpu...
INFO:VIC20ActionSelection:🖥️✅ Action selected: monitor to meth_snail, priority=high, strategy=sequential
INFO:VIC20Sage.Distributed:🖥️✅ Action selected: monitor, priority=high, strategy=sequential
INFO:VIC20Sage.Distributed:🖥️📚 Learning phase...
INFO:VIC20Learning:🖥️📚 Recording coordination routing for learning...
INFO:app.api.simplified_websocket_routes:🐌 TERRY PAYLOAD FIELDS: ['status', 'distributed', 'agent_name', 'agent_type', 'is_active', 'total_analyses', 'successful_analyses', 'shell_spin_count', 'energy_drinks_consumed', 'current_jitter_level', 'optimization_stats']
INFO:app.api.simplified_websocket_routes:🐌 shell_spin_count: 1
INFO:app.api.simplified_websocket_routes:🐌 energy_drinks_consumed: 0
INFO:VIC20Learning:🖥️✅ Learning recorded: routed to meth_snail, confidence=0.58
INFO:VIC20Sage.Distributed:🖥️💾 Learning record stored in PostgreSQL
INFO:VIC20Sage.Distributed:🖥️⏸️ Action type: monitor - not routing
WARNING:SirHawkington.TriageEngine:================================================================================
WARNING:SirHawkington.TriageEngine:🧐💥✅ EMERGENCY CALL RESULT: VIC-20 responded successfully=True
WARNING:SirHawkington.TriageEngine:    Specialist: unknown
WARNING:SirHawkington.TriageEngine:    Action: unknown
WARNING:SirHawkington.TriageEngine:================================================================================
INFO:MetricsRepository:💾 SystemMetrics persisted id=61055 user=f0d55cd0-1c83-4ff6-9cf2-271a0e701160
INFO:app.api.simplified_websocket_routes:📊 Metrics structure: ['timestamp', 'cpu_usage', 'memory_usage', 'disk_usage', 'network_sent_rate', 'network_recv_rate', 'cpu', 'memory', 'disk', 'network', 'process_count', 'system_info', 'triage_decision', 'triage_processing', 'sir_hawkington', 'triage_stats']
INFO:app.api.simplified_websocket_routes:📊 Metrics size: 15544 chars
INFO:app.api.simplified_websocket_routes:🤖 Agent insights: ['sir_hawkington', 'meth_snail', 'hamsters', 'quantum_shadow_people', 'the_stick', 'vic_20_sage']
INFO:app.api.simplified_websocket_routes:💡 Insights: 10, Events: 0
INFO:app.api.simplified_websocket_routes:✅ Successfully sent 25163 char payload
Batches: 100%|██████████| 1/1 [00:00<00:00,  1.32it/s]Batches: 100%|██████████| 1/1 [00:00<00:00,  1.32it/s]
INFO:app.services.vector_storage:✅ Stored interaction vector: sir_hawkington → broadcast
INFO:SirHawkington.TriageEngine:🧐⚡ Triage complete: high → vic20_emergency (1.579s)
INFO:SimplifiedMetricsService:🧐✨ Triage processing complete - enhanced metrics ready
INFO:TerryPerception:   ✓ Got full metrics: 16210 chars of data
INFO:TerryPerception:   ✓ Found 20 similar past situations
INFO:SimplifiedMetricsService:🧐📊 Collecting real system metrics from all services
INFO:SimplifiedMemoryService:🧐✅ Memory metrics collected successfully: 53.2% usage, 10 processes analyzed, swap: 0.0%
INFO:SimplifiedDiskService:🧐✅ Disk metrics collected successfully: 34.8% usage, 1 partitions, 3 I/O devices
INFO:TerryPerception:   ✓ Retrieved 10 recent actions
WARNING:TerryPerception:🐌💫 SHELL SPIN #1: Bad data in coordination request: missing=['full_metrics'], invalid=[]
   Missing: ['full_metrics']
   Invalid: []
ERROR:meth_snail.Database:❌ Failed to verify database connection: 'async for' requires an object with __aiter__ method, got AsyncSession
ERROR:TerryPerception:🐌💥 Failed to store shell spin: 'async for' requires an object with __aiter__ method, got AsyncSession
INFO:TerryPerception:🐌✅ Perception complete - Terry sees the full picture!
WARNING:MethSnail.Distributed:🐌💫 1 shell spin(s) during perception - data quality: 0.90
INFO:MethSnail.Distributed:🐌📊 Synced 1 shell spin(s) to brain state. Total spins: 2
INFO:MethSnail.Distributed:🐌👁️ Perception complete - Terry sees the full picture
INFO:TerryReasoning:🐌🧠🤖 Terry's ML-enhanced reasoning initialized!
INFO:TerryReasoning:🐌🧠 Terry reasoning about the situation...
INFO:TerryReasoning:   ✓ Root cause: memory_pressure (confidence: 0.75)
WARNING:TerryMLHelpers:Pattern validation failed: 'cpu_usage'
INFO:TerryReasoning:   ✓ ML validated pattern (boost: +0.10)
INFO:SimplifiedCPUService:🧐✅ CPU metrics collected successfully: 12.7% usage, 9 processes
INFO:SituationFingerprint:   ✓ Found 2094 records at Level 3 (specific match)
INFO:TerryReasoning:   ✓ Found 2094 similar situations (match level: 3)
INFO:TerryReasoning:   ✓ Decision: clear_cache (confidence: 0.71)
INFO:MethSnail.Distributed:🐌🧠 Reasoning complete: memory_pressure → clear_cache (confidence: 0.71)
INFO:TerryEnergyDrinks:🐌☕ Energy drink system initialized
INFO:TerryActionSelection:🐌⚡ Terry's action selection initialized - ready to choose!
INFO:TerryActionSelection:🐌🔬 Exploration rate: 35.0%, Cache bias: 1.20
INFO:TerryActionSelection:🐌⚡ Selecting action for root cause: memory_pressure
INFO:TerryActionSelection:   ✓ Using action: clear_cache
INFO:MethSnail.Distributed:🐌⚡ Action selected: clear_cache (FOLLOWING VIC-20)
INFO:MethSnail.Distributed:🐌💨💨 Executing clear_cache! *spins shell with PURPOSE*
INFO:SimplifiedMetricsService:🧐📊 Collecting real system metrics from all services
INFO:SimplifiedMemoryService:🧐✅ Memory metrics collected successfully: 53.4% usage, 10 processes analyzed, swap: 0.0%
INFO:SimplifiedDiskService:🧐✅ Disk metrics collected successfully: 34.8% usage, 1 partitions, 3 I/O devices
INFO:SimplifiedCPUService:🧐✅ CPU metrics collected successfully: 12.5% usage, 5 processes
INFO:SimplifiedNetworkService:🧐✅ Network metrics collected successfully: 4 interfaces, 53 connections, rates: 20924613/20926116 bytes/s
INFO:SimplifiedMetricsService:🧐✅ Raw metrics collected successfully: CPU 12.7%, Memory 53.2%
INFO:SimplifiedMetricsService:🧐⚡ Routing metrics through Sir Hawkington's Triage Engine
INFO:SirHawkington.Brain:🧐 Sir Hawkington's decision: normal - confidence: 0.750
INFO:MessageBus.the_stick:📨 REDIS SUB: triage_alert ← from=sir_hawkington | to=broadcast | priority=5 | id=5e4b60e4
INFO:MessageBus.quantum_shadow_people:📨 REDIS SUB: triage_alert ← from=sir_hawkington | to=broadcast | priority=5 | id=5e4b60e4
INFO:MessageBus.hamsters:📨 REDIS SUB: triage_alert ← from=sir_hawkington | to=broadcast | priority=5 | id=5e4b60e4
INFO:MessageBus.sir_hawkington:📡 REDIS PUB: triage_alert → agents:broadcast | from=sir_hawkington | priority=5 | id=5e4b60e4
INFO:StateManager.sir_hawkington:💾 REDIS SAVE: sir_hawkington state | decisions=456 | msgs_sent=72388 | health=healthy | uptime=447s
INFO:SirHawkington.TriageEngine:🧐📡 Triage decision broadcast: medium → vic20_coordination (targets: vic_20_sage)
INFO:SirHawkington.TriageEngine:================================================================================
INFO:SirHawkington.TriageEngine:🧐📞 DIRECT CALL: Hawkington → VIC-20 (COORDINATION)
INFO:SirHawkington.TriageEngine:================================================================================
INFO:VIC20Sage.Distributed:
================================================================================
INFO:VIC20Sage.Distributed:🖥️🎯 VIC-20 V2 COORDINATION INITIATED
INFO:VIC20Sage.Distributed:================================================================================
INFO:VIC20Sage.Distributed:🖥️📞 Triage alert from Sir Hawkington: memory at 53.2% (severity: medium, Hawk confidence: 0.75)
INFO:VIC20Sage.Distributed:🖥️👁️ Perception phase...
INFO:VIC20Perception:🖥️👁️ Perceiving coordination context for memory alert (severity: medium, Hawk confidence: 0.50)
🔊 Broadcasting log: vic20_sage - system - 🖥️✅ Perception complete: 1 specialists available, 
🔊 Broadcasting log: vic20_sage - system - 🖥️🧠 Reasoning phase...
🔊 Broadcasting log: vic20_sage - system - 🖥️✅ Reasoning complete: route to meth_snail, confi
🔊 Broadcasting log: vic20_sage - system - 🖥️⚡ Action selection phase...
🔊 Broadcasting log: vic20_sage - system - 🖥️✅ Action selected: monitor, priority=high, strat
🔊 Broadcasting log: vic20_sage - system - 🖥️📚 Learning phase...
🔊 Broadcasting log: vic20_sage - postgres - 🖥️💾 Learning record stored in PostgreSQL
🔊 Broadcasting log: vic20_sage - system - 🖥️⏸️ Action type: monitor - not routing
🔊 Broadcasting log: meth_snail - system - 🐌💫 1 shell spin(s) during perception - data qualit
🔊 Broadcasting log: meth_snail - system - 🐌📊 Synced 1 shell spin(s) to brain state. Total sp
🔊 Broadcasting log: meth_snail - system - 🐌👁️ Perception complete - Terry sees the full pict
🔊 Broadcasting log: meth_snail - system - 🐌🧠 Reasoning complete: memory_pressure → clear_cac
🔊 Broadcasting log: meth_snail - system - 🐌⚡ Action selected: clear_cache (FOLLOWING VIC-20)
🔊 Broadcasting log: meth_snail - system - 🐌💨💨 Executing clear_cache! *spins shell with PURPO
🔊 Broadcasting log: vic20_sage - system - 
=================================================
🔊 Broadcasting log: vic20_sage - system - 🖥️🎯 VIC-20 V2 COORDINATION INITIATED
🔊 Broadcasting log: vic20_sage - system - ==================================================
🔊 Broadcasting log: vic20_sage - system - 🖥️📞 Triage alert from Sir Hawkington: memory at 53
🔊 Broadcasting log: vic20_sage - system - 🖥️👁️ Perception phase...
Batches:   0%|          | 0/1 [00:00<?, ?it/s]INFO:VIC20Perception:🖥️✅ Perception complete: 1 specialists available, routing_confidence=0.80, system_load=0.43
INFO:VIC20Sage.Distributed:🖥️✅ Perception complete: 1 specialists available, system load: 0.42560000000000003
INFO:VIC20Sage.Distributed:🖥️🧠 Reasoning phase...
INFO:VIC20Reasoning:🖥️🧠 Reasoning about memory coordination...
INFO:VIC20Reasoning:🖥️✅ Reasoning complete: route to meth_snail, confidence=0.61, urgency=normal
INFO:VIC20Sage.Distributed:🖥️✅ Reasoning complete: route to meth_snail, confidence=0.61, urgency=normal
INFO:VIC20Sage.Distributed:🖥️⚡ Action selection phase...
INFO:VIC20ActionSelection:🖥️⚡ Selecting coordination action for memory...
INFO:VIC20ActionSelection:🖥️✅ Action selected: route_to_specialist to meth_snail, priority=normal, strategy=sequential
INFO:VIC20Sage.Distributed:🖥️✅ Action selected: route_to_specialist, priority=normal, strategy=sequential
INFO:VIC20Sage.Distributed:🖥️📚 Learning phase...
INFO:VIC20Learning:🖥️📚 Recording coordination routing for learning...
INFO:VIC20Learning:🖥️✅ Learning recorded: routed to meth_snail, confidence=0.61
INFO:VIC20Sage.Distributed:🖥️💾 Learning record stored in PostgreSQL
INFO:VIC20Sage.Distributed:🖥️📨 Routing to meth_snail...
INFO:VIC20Sage.Distributed:🖥️💬 Message: Coordination request from VIC-20: MEMORY at 53.2% (threshold: 85.0%). Recommended action: clear_cache. Sir Hawkington's assessment: severity=medium, confidence=0.50. 
INFO:MessageBus.vic_20_sage:📡 REDIS PUB: coordination_request → agents:meth_snail | from=vic_20_sage | priority=5 | id=b4591db6
INFO:Distributed.unknown:📨 SEND: coordination_request → meth_snail | from=vic_20_sage | priority=5
INFO:VIC20Sage.Distributed:🖥️✅ Coordination request sent to meth_snail
INFO:MessageBus.the_stick:📨 REDIS SUB: decision_log ← from=vic_20_sage | to=broadcast | priority=5 | id=0af1e335
INFO:TheStick.Distributed:📏📬 DECISION_LOG from vic_20_sage: coordination_v2 
INFO:MessageBus.quantum_shadow_people:📨 REDIS SUB: decision_log ← from=vic_20_sage | to=broadcast | priority=5 | id=0af1e335
INFO:MessageBus.hamsters:📨 REDIS SUB: decision_log ← from=vic_20_sage | to=broadcast | priority=5 | id=0af1e335
INFO:MessageBus.sir_hawkington:📨 REDIS SUB: decision_log ← from=vic_20_sage | to=broadcast | priority=5 | id=0af1e335
🔊 Broadcasting log: vic20_sage - system - 🖥️✅ Perception complete: 1 specialists available, 
🔊 Broadcasting log: vic20_sage - system - 🖥️🧠 Reasoning phase...
🔊 Broadcasting log: vic20_sage - system - 🖥️✅ Reasoning complete: route to meth_snail, confi
🔊 Broadcasting log: vic20_sage - system - 🖥️⚡ Action selection phase...
🔊 Broadcasting log: vic20_sage - system - 🖥️✅ Action selected: route_to_specialist, priority
🔊 Broadcasting log: vic20_sage - system - 🖥️📚 Learning phase...
🔊 Broadcasting log: vic20_sage - postgres - 🖥️💾 Learning record stored in PostgreSQL
🔊 Broadcasting log: vic20_sage - system - 🖥️📨 Routing to meth_snail...
🔊 Broadcasting log: vic20_sage - redis - 🖥️💬 Message: Coordination request from VIC-20: MEM
🔊 Broadcasting log: vic20_sage - system - 🖥️✅ Coordination request sent to meth_snail
🔊 Broadcasting log: the_stick - system - 📏📬 DECISION_LOG from vic_20_sage: coordination_v2 

Batches:   0%|          | 0/1 [00:00<?, ?it/s][ABatches: 100%|██████████| 1/1 [00:00<00:00,  1.11it/s]Batches: 100%|██████████| 1/1 [00:00<00:00,  1.11it/s]
INFO:MessageBus.vic_20_sage:📡 REDIS PUB: decision_log → agents:broadcast | from=vic_20_sage | priority=5 | id=0af1e335
INFO:StateManager.vic_20_sage:💾 REDIS SAVE: vic_20_sage state | decisions=102 | msgs_sent=2591 | health=healthy | uptime=448s
INFO:Distributed.unknown:📢 BROADCAST: decision_log | from=vic_20_sage | priority=5
INFO:VIC20Sage.Distributed:================================================================================
INFO:VIC20Sage.Distributed:🖥️✅ VIC-20 V2 COORDINATION COMPLETE
INFO:VIC20Sage.Distributed:================================================================================

INFO:SirHawkington.TriageEngine:================================================================================
INFO:SirHawkington.TriageEngine:🧐✅ DIRECT CALL RESULT: VIC-20 responded successfully=True
INFO:SirHawkington.TriageEngine:    Specialist: meth_snail
INFO:SirHawkington.TriageEngine:    Action: unknown
INFO:SirHawkington.TriageEngine:================================================================================
INFO:app.services.vector_storage:✅ Stored interaction vector: sir_hawkington → broadcast
INFO:ResourceMonitor:Skipping protocol breakdown: 
INFO:SimplifiedNetworkService:🧐✅ Network metrics collected successfully: 4 interfaces, 53 connections, rates: 4913957/4913714 bytes/s
INFO:SimplifiedMetricsService:🧐✅ Raw metrics collected successfully: CPU 12.5%, Memory 53.4%
INFO:SimplifiedMetricsService:🧐⚡ Routing metrics through Sir Hawkington's Triage Engine
INFO:SirHawkington.Brain:🧐 Sir Hawkington's decision: normal - confidence: 0.750
INFO:MessageBus.the_stick:📨 REDIS SUB: triage_alert ← from=sir_hawkington | to=broadcast | priority=5 | id=62919b4d
INFO:MessageBus.quantum_shadow_people:📨 REDIS SUB: triage_alert ← from=sir_hawkington | to=broadcast | priority=5 | id=62919b4d
INFO:MessageBus.hamsters:📨 REDIS SUB: triage_alert ← from=sir_hawkington | to=broadcast | priority=5 | id=62919b4d
INFO:MessageBus.sir_hawkington:📡 REDIS PUB: triage_alert → agents:broadcast | from=sir_hawkington | priority=5 | id=62919b4d
INFO:StateManager.sir_hawkington:💾 REDIS SAVE: sir_hawkington state | decisions=456 | msgs_sent=72389 | health=healthy | uptime=449s
INFO:SirHawkington.TriageEngine:🧐📡 Triage decision broadcast: medium → vic20_coordination (targets: vic_20_sage)
INFO:SirHawkington.TriageEngine:================================================================================
INFO:SirHawkington.TriageEngine:🧐📞 DIRECT CALL: Hawkington → VIC-20 (COORDINATION)
INFO:SirHawkington.TriageEngine:================================================================================
INFO:VIC20Sage.Distributed:
================================================================================
INFO:VIC20Sage.Distributed:🖥️🎯 VIC-20 V2 COORDINATION INITIATED
INFO:VIC20Sage.Distributed:================================================================================
INFO:VIC20Sage.Distributed:🖥️📞 Triage alert from Sir Hawkington: memory at 53.4% (severity: medium, Hawk confidence: 0.75)
INFO:VIC20Sage.Distributed:🖥️👁️ Perception phase...
INFO:VIC20Perception:🖥️👁️ Perceiving coordination context for memory alert (severity: medium, Hawk confidence: 0.50)

Batches: 100%|██████████| 1/1 [00:00<00:00,  1.15it/s][ABatches: 100%|██████████| 1/1 [00:00<00:00,  1.15it/s]
🔊 Broadcasting log: vic20_sage - system - ==================================================
🔊 Broadcasting log: vic20_sage - system - 🖥️✅ VIC-20 V2 COORDINATION COMPLETE
🔊 Broadcasting log: vic20_sage - system - ==================================================
🔊 Broadcasting log: vic20_sage - system - 
=================================================
🔊 Broadcasting log: vic20_sage - system - 🖥️🎯 VIC-20 V2 COORDINATION INITIATED
🔊 Broadcasting log: vic20_sage - system - ==================================================
🔊 Broadcasting log: vic20_sage - system - 🖥️📞 Triage alert from Sir Hawkington: memory at 53
🔊 Broadcasting log: vic20_sage - system - 🖥️👁️ Perception phase...
Batches:   0%|          | 0/1 [00:00<?, ?it/s]INFO:SirHawkington.TriageEngine:🧐⚡ Triage complete: medium → vic20_coordination (2.454s)
INFO:SimplifiedMetricsService:🧐✨ Triage processing complete - enhanced metrics ready
INFO:VIC20Perception:🖥️✅ Perception complete: 1 specialists available, routing_confidence=0.80, system_load=0.43
INFO:VIC20Sage.Distributed:🖥️✅ Perception complete: 1 specialists available, system load: 0.4272
INFO:VIC20Sage.Distributed:🖥️🧠 Reasoning phase...
INFO:VIC20Reasoning:🖥️🧠 Reasoning about memory coordination...
INFO:VIC20Reasoning:🖥️✅ Reasoning complete: route to meth_snail, confidence=0.61, urgency=normal
INFO:VIC20Sage.Distributed:🖥️✅ Reasoning complete: route to meth_snail, confidence=0.61, urgency=normal
INFO:VIC20Sage.Distributed:🖥️⚡ Action selection phase...
INFO:VIC20ActionSelection:🖥️⚡ Selecting coordination action for memory...
INFO:VIC20ActionSelection:🖥️✅ Action selected: route_to_specialist to meth_snail, priority=normal, strategy=sequential
INFO:VIC20Sage.Distributed:🖥️✅ Action selected: route_to_specialist, priority=normal, strategy=sequential
INFO:VIC20Sage.Distributed:🖥️📚 Learning phase...
INFO:VIC20Learning:🖥️📚 Recording coordination routing for learning...
INFO:app.services.vector_storage:✅ Stored interaction vector: vic_20_sage → meth_snail
INFO:VIC20Learning:🖥️✅ Learning recorded: routed to meth_snail, confidence=0.61
INFO:VIC20Sage.Distributed:🖥️💾 Learning record stored in PostgreSQL
INFO:VIC20Sage.Distributed:🖥️📨 Routing to meth_snail...
INFO:VIC20Sage.Distributed:🖥️💬 Message: Coordination request from VIC-20: MEMORY at 53.4% (threshold: 85.0%). Recommended action: clear_cache. Sir Hawkington's assessment: severity=medium, confidence=0.50. 
INFO:MessageBus.vic_20_sage:📡 REDIS PUB: coordination_request → agents:meth_snail | from=vic_20_sage | priority=5 | id=3bb09832
INFO:Distributed.unknown:📨 SEND: coordination_request → meth_snail | from=vic_20_sage | priority=5
INFO:VIC20Sage.Distributed:🖥️✅ Coordination request sent to meth_snail
INFO:app.api.simplified_websocket_routes:🐌 TERRY PAYLOAD FIELDS: ['status', 'distributed', 'agent_name', 'agent_type', 'is_active', 'total_analyses', 'successful_analyses', 'shell_spin_count', 'energy_drinks_consumed', 'current_jitter_level', 'optimization_stats']
INFO:app.api.simplified_websocket_routes:🐌 shell_spin_count: 2
INFO:app.api.simplified_websocket_routes:🐌 energy_drinks_consumed: 0
INFO:app.api.simplified_websocket_routes:🎯 TRIAGE RESULT KEYS: ['status', 'triage', 'agent']
INFO:app.api.simplified_websocket_routes:🎯 DISPOSITION: None
INFO:app.api.simplified_websocket_routes:🎯 AGENT_DISPATCH: []
INFO:app.api.simplified_websocket_routes:✅ Extracted 6 agent insights (cached for reuse)
INFO:app.api.simplified_websocket_routes:🔍 Agent insights keys: ['sir_hawkington', 'meth_snail', 'hamsters', 'quantum_shadow_people', 'the_stick', 'vic_20_sage']
INFO:app.api.simplified_websocket_routes:🔍 sir_hawkington data: {'status': 'active', 'distributed': {'distributed_enabled': True, 'agent_name': 'sir_hawkington', 'health': 'healthy', 'total_decisions': 456, 'total_messages_sent': 72389, 'total_messages_received': 
INFO:app.api.simplified_websocket_routes:🔍 meth_snail data: {'status': 'active', 'distributed': {'distributed_enabled': True, 'agent_name': 'meth_snail', 'health': 'healthy', 'total_decisions': 128, 'total_messages_sent': 10437, 'total_messages_received': 0, '
INFO:app.api.simplified_websocket_routes:🔍 hamsters data: {'status': 'active', 'distributed': {'distributed_enabled': True, 'agent_name': 'hamsters', 'health': 'healthy', 'total_decisions': 872, 'total_messages_sent': 14, 'total_messages_received': 0, 'uptim
INFO:app.api.simplified_websocket_routes:🔍 quantum_shadow_people data: {'status': 'active', 'distributed': {'distributed_enabled': True, 'agent_name': 'quantum_shadow_people', 'health': 'healthy', 'total_decisions': 549, 'total_messages_sent': 4627, 'total_messages_recei
INFO:app.api.simplified_websocket_routes:🔍 the_stick data: {'status': 'active', 'distributed': {'distributed_enabled': True, 'agent_name': 'the_stick', 'health': 'healthy', 'total_decisions': 1066, 'total_messages_sent': 15, 'total_messages_received': 0, 'upt
INFO:app.api.simplified_websocket_routes:🔍 vic_20_sage data: {'status': 'active', 'distributed': {'distributed_enabled': True, 'agent_name': 'vic_20_sage', 'health': 'healthy', 'total_decisions': 102, 'total_messages_sent': 2591, 'total_messages_received': 0, '
INFO:MessageBus.the_stick:📨 REDIS SUB: decision_log ← from=vic_20_sage | to=broadcast | priority=5 | id=678b9ed4
INFO:TheStick.Distributed:📏📬 DECISION_LOG from vic_20_sage: coordination_v2 
INFO:MessageBus.quantum_shadow_people:📨 REDIS SUB: decision_log ← from=vic_20_sage | to=broadcast | priority=5 | id=678b9ed4
INFO:MessageBus.hamsters:📨 REDIS SUB: decision_log ← from=vic_20_sage | to=broadcast | priority=5 | id=678b9ed4
INFO:MessageBus.sir_hawkington:📨 REDIS SUB: decision_log ← from=vic_20_sage | to=broadcast | priority=5 | id=678b9ed4
🔊 Broadcasting log: vic20_sage - system - 🖥️✅ Perception complete: 1 specialists available, 
🔊 Broadcasting log: vic20_sage - system - 🖥️🧠 Reasoning phase...
🔊 Broadcasting log: vic20_sage - system - 🖥️✅ Reasoning complete: route to meth_snail, confi
🔊 Broadcasting log: vic20_sage - system - 🖥️⚡ Action selection phase...
🔊 Broadcasting log: vic20_sage - system - 🖥️✅ Action selected: route_to_specialist, priority
🔊 Broadcasting log: vic20_sage - system - 🖥️📚 Learning phase...
🔊 Broadcasting log: vic20_sage - postgres - 🖥️💾 Learning record stored in PostgreSQL
🔊 Broadcasting log: vic20_sage - system - 🖥️📨 Routing to meth_snail...
🔊 Broadcasting log: vic20_sage - redis - 🖥️💬 Message: Coordination request from VIC-20: MEM
🔊 Broadcasting log: vic20_sage - system - 🖥️✅ Coordination request sent to meth_snail
🔊 Broadcasting log: the_stick - system - 📏📬 DECISION_LOG from vic_20_sage: coordination_v2 

Batches:   0%|          | 0/1 [00:00<?, ?it/s][AINFO:MessageBus.vic_20_sage:📡 REDIS PUB: decision_log → agents:broadcast | from=vic_20_sage | priority=5 | id=678b9ed4
INFO:StateManager.vic_20_sage:💾 REDIS SAVE: vic_20_sage state | decisions=102 | msgs_sent=2592 | health=healthy | uptime=450s
INFO:Distributed.unknown:📢 BROADCAST: decision_log | from=vic_20_sage | priority=5
INFO:VIC20Sage.Distributed:================================================================================
INFO:VIC20Sage.Distributed:🖥️✅ VIC-20 V2 COORDINATION COMPLETE
INFO:VIC20Sage.Distributed:================================================================================

INFO:SirHawkington.TriageEngine:================================================================================
INFO:SirHawkington.TriageEngine:🧐✅ DIRECT CALL RESULT: VIC-20 responded successfully=True
INFO:SirHawkington.TriageEngine:    Specialist: meth_snail
INFO:SirHawkington.TriageEngine:    Action: unknown
INFO:SirHawkington.TriageEngine:================================================================================
Batches: 100%|██████████| 1/1 [00:00<00:00,  1.08it/s]Batches: 100%|██████████| 1/1 [00:00<00:00,  1.08it/s]
INFO:MetricsRepository:💾 SystemMetrics persisted id=61056 user=f0d55cd0-1c83-4ff6-9cf2-271a0e701160
INFO:app.api.simplified_websocket_routes:📊 Metrics structure: ['timestamp', 'cpu_usage', 'memory_usage', 'disk_usage', 'network_sent_rate', 'network_recv_rate', 'cpu', 'memory', 'disk', 'network', 'process_count', 'system_info', 'triage_decision', 'triage_processing', 'sir_hawkington', 'triage_stats']
INFO:app.api.simplified_websocket_routes:📊 Metrics size: 16055 chars
INFO:app.api.simplified_websocket_routes:🤖 Agent insights: ['sir_hawkington', 'meth_snail', 'hamsters', 'quantum_shadow_people', 'the_stick', 'vic_20_sage']
INFO:app.api.simplified_websocket_routes:💡 Insights: 10, Events: 0
INFO:app.api.simplified_websocket_routes:✅ Successfully sent 25834 char payload

Batches: 100%|██████████| 1/1 [00:02<00:00,  2.19s/it][ABatches: 100%|██████████| 1/1 [00:02<00:00,  2.20s/it]
INFO:SimplifiedMetricsService:🧐📊 Collecting real system metrics from all services
INFO:SimplifiedMemoryService:🧐✅ Memory metrics collected successfully: 57.1% usage, 10 processes analyzed, swap: 0.0%
INFO:SimplifiedDiskService:🧐✅ Disk metrics collected successfully: 34.8% usage, 1 partitions, 3 I/O devices
INFO:app.services.vector_storage:✅ Stored interaction vector: sir_hawkington → broadcast
INFO:SimplifiedCPUService:🧐✅ CPU metrics collected successfully: 13.6% usage, 6 processes
INFO:app.services.vector_storage:✅ Stored interaction vector: vic_20_sage → meth_snail
INFO:SirHawkington.TriageEngine:🧐⚡ Triage complete: medium → vic20_coordination (4.754s)
INFO:SimplifiedMetricsService:🧐✨ Triage processing complete - enhanced metrics ready
INFO:MethSnail.Distributed:🐌📊 Metrics BEFORE: CPU 12.5%, Memory 53.4%, Disk 34.8%
INFO:TerryActionExecutor:🐌⚙️ Terry's action executor initialized - ready to execute!
INFO:TerryActionExecutor:🐌⚡ Executing action: clear_cache
WARNING:TerryActionExecutor:🐌⚠️ Unknown action clear_cache - falling back to cache clear
INFO:app.ai_agents.distributed.action_verification:📊 Started verification for meth_snail/ActionType.CACHE_CLEAR (ID: cache_clear_meth_snail_1767108208.213638_1767108208.213658)
INFO:app.ai_agents.distributed.system_actions:🐌💨 Cache Clear: Collected 0 objects
INFO:MessageBus.hamsters:📡 REDIS PUB: agent_heartbeat → agents:heartbeats | from=hamsters | priority=10 | id=e499c8c7
INFO:MessageBus.meth_snail:📡 REDIS PUB: agent_heartbeat → agents:heartbeats | from=meth_snail | priority=10 | id=4a683ae7
INFO:MessageBus.sir_hawkington:📡 REDIS PUB: agent_heartbeat → agents:heartbeats | from=sir_hawkington | priority=10 | id=68454e34
INFO:MessageBus.quantum_shadow_people:📡 REDIS PUB: agent_heartbeat → agents:heartbeats | from=quantum_shadow_people | priority=10 | id=6463deb5
INFO:MessageBus.the_stick:📡 REDIS PUB: agent_heartbeat → agents:heartbeats | from=the_stick | priority=10 | id=6b174bad
INFO:MessageBus.vic_20_sage:📡 REDIS PUB: agent_heartbeat → agents:heartbeats | from=vic_20_sage | priority=10 | id=5c5f2316
INFO:app.ai_agents.distributed.action_verification:❌ Action verified: meth_snail/ActionType.CACHE_CLEAR - COUNTERPRODUCTIVE (-0.3% improvement, score: 0/100)
INFO:TerryActionExecutor:🐌✅ Action clear_cache executed successfully!
INFO:StateManager.hamsters:💾 REDIS SAVE: hamsters state | decisions=872 | msgs_sent=14 | health=healthy | uptime=455s
INFO:StateManager.sir_hawkington:💾 REDIS SAVE: sir_hawkington state | decisions=456 | msgs_sent=72389 | health=healthy | uptime=455s
INFO:StateManager.meth_snail:💾 REDIS SAVE: meth_snail state | decisions=128 | msgs_sent=10437 | health=healthy | uptime=455s
INFO:StateManager.quantum_shadow_people:💾 REDIS SAVE: quantum_shadow_people state | decisions=549 | msgs_sent=4627 | health=healthy | uptime=455s
INFO:StateManager.vic_20_sage:💾 REDIS SAVE: vic_20_sage state | decisions=102 | msgs_sent=2592 | health=healthy | uptime=455s
INFO:StateManager.the_stick:💾 REDIS SAVE: the_stick state | decisions=1066 | msgs_sent=15 | health=healthy | uptime=455s
INFO:SimplifiedNetworkService:🧐✅ Network metrics collected successfully: 4 interfaces, 53 connections, rates: 11072754/11073052 bytes/s
INFO:SimplifiedMetricsService:🧐✅ Raw metrics collected successfully: CPU 13.6%, Memory 57.1%
INFO:SimplifiedMetricsService:🧐⚡ Routing metrics through Sir Hawkington's Triage Engine
INFO:SirHawkington.Brain:🧐 Sir Hawkington's decision: normal - confidence: 0.750
INFO:MessageBus.the_stick:📨 REDIS SUB: triage_alert ← from=sir_hawkington | to=broadcast | priority=5 | id=109ce18c
INFO:MessageBus.quantum_shadow_people:📨 REDIS SUB: triage_alert ← from=sir_hawkington | to=broadcast | priority=5 | id=109ce18c
INFO:MessageBus.hamsters:📨 REDIS SUB: triage_alert ← from=sir_hawkington | to=broadcast | priority=5 | id=109ce18c
INFO:MessageBus.sir_hawkington:📡 REDIS PUB: triage_alert → agents:broadcast | from=sir_hawkington | priority=5 | id=109ce18c
INFO:StateManager.sir_hawkington:💾 REDIS SAVE: sir_hawkington state | decisions=456 | msgs_sent=72390 | health=healthy | uptime=455s
INFO:SirHawkington.TriageEngine:🧐📡 Triage decision broadcast: medium → vic20_coordination (targets: vic_20_sage)
INFO:SirHawkington.TriageEngine:================================================================================
INFO:SirHawkington.TriageEngine:🧐📞 DIRECT CALL: Hawkington → VIC-20 (COORDINATION)
INFO:SirHawkington.TriageEngine:================================================================================
INFO:VIC20Sage.Distributed:
================================================================================
INFO:VIC20Sage.Distributed:🖥️🎯 VIC-20 V2 COORDINATION INITIATED
INFO:VIC20Sage.Distributed:================================================================================
INFO:VIC20Sage.Distributed:🖥️📞 Triage alert from Sir Hawkington: memory at 57.1% (severity: medium, Hawk confidence: 0.75)
INFO:VIC20Sage.Distributed:🖥️👁️ Perception phase...
INFO:VIC20Perception:🖥️👁️ Perceiving coordination context for memory alert (severity: medium, Hawk confidence: 0.50)
INFO:TheStick.Distributed:📏⏰ Periodic flush triggered (7 decisions buffered)
INFO:TheStick.Distributed:📏💾 Flushing 7 decisions to PostgreSQL...
🔊 Broadcasting log: vic20_sage - system - ==================================================
🔊 Broadcasting log: vic20_sage - system - 🖥️✅ VIC-20 V2 COORDINATION COMPLETE
🔊 Broadcasting log: vic20_sage - system - ==================================================
🔊 Broadcasting log: meth_snail - system - 🐌📊 Metrics BEFORE: CPU 12.5%, Memory 53.4%, Disk 3
🔊 Broadcasting log: vic20_sage - system - 
=================================================
🔊 Broadcasting log: vic20_sage - system - 🖥️🎯 VIC-20 V2 COORDINATION INITIATED
🔊 Broadcasting log: vic20_sage - system - ==================================================
🔊 Broadcasting log: vic20_sage - system - 🖥️📞 Triage alert from Sir Hawkington: memory at 57
🔊 Broadcasting log: vic20_sage - system - 🖥️👁️ Perception phase...
🔊 Broadcasting log: the_stick - system - 📏⏰ Periodic flush triggered (7 decisions buffered)
🔊 Broadcasting log: the_stick - postgres - 📏💾 Flushing 7 decisions to PostgreSQL...
Batches:   0%|          | 0/1 [00:00<?, ?it/s]INFO:VIC20Perception:🖥️✅ Perception complete: 1 specialists available, routing_confidence=0.80, system_load=0.46
INFO:VIC20Sage.Distributed:🖥️✅ Perception complete: 1 specialists available, system load: 0.4568000000000001
INFO:VIC20Sage.Distributed:🖥️🧠 Reasoning phase...
INFO:VIC20Reasoning:🖥️🧠 Reasoning about memory coordination...
INFO:VIC20Reasoning:🖥️✅ Reasoning complete: route to meth_snail, confidence=0.61, urgency=normal
INFO:VIC20Sage.Distributed:🖥️✅ Reasoning complete: route to meth_snail, confidence=0.61, urgency=normal
INFO:VIC20Sage.Distributed:🖥️⚡ Action selection phase...
INFO:VIC20ActionSelection:🖥️⚡ Selecting coordination action for memory...
INFO:VIC20ActionSelection:🖥️✅ Action selected: route_to_specialist to meth_snail, priority=normal, strategy=sequential
INFO:VIC20Sage.Distributed:🖥️✅ Action selected: route_to_specialist, priority=normal, strategy=sequential
INFO:VIC20Sage.Distributed:🖥️📚 Learning phase...
INFO:VIC20Learning:🖥️📚 Recording coordination routing for learning...
INFO:VIC20Learning:🖥️✅ Learning recorded: routed to meth_snail, confidence=0.61
INFO:VIC20Sage.Distributed:🖥️💾 Learning record stored in PostgreSQL
INFO:VIC20Sage.Distributed:🖥️📨 Routing to meth_snail...
INFO:VIC20Sage.Distributed:🖥️💬 Message: Coordination request from VIC-20: MEMORY at 57.1% (threshold: 85.0%). Recommended action: clear_cache. Sir Hawkington's assessment: severity=medium, confidence=0.50. 
INFO:Stick.Database:📏✅ Dual-write complete: CMB=e9cdacfa-bcf3-425d-b11d-4f535c5838c4, StickMemory=6b2f95ad-206d-4d30-bed1-50a079076ebd
INFO:SimplifiedMetricsService:🧐📊 Collecting real system metrics from all services
🔊 Broadcasting log: vic20_sage - system - 🖥️✅ Perception complete: 1 specialists available, 
🔊 Broadcasting log: vic20_sage - system - 🖥️🧠 Reasoning phase...
🔊 Broadcasting log: vic20_sage - system - 🖥️✅ Reasoning complete: route to meth_snail, confi
🔊 Broadcasting log: vic20_sage - system - 🖥️⚡ Action selection phase...
🔊 Broadcasting log: vic20_sage - system - 🖥️✅ Action selected: route_to_specialist, priority
🔊 Broadcasting log: vic20_sage - system - 🖥️📚 Learning phase...
🔊 Broadcasting log: vic20_sage - postgres - 🖥️💾 Learning record stored in PostgreSQL
🔊 Broadcasting log: vic20_sage - system - 🖥️📨 Routing to meth_snail...
🔊 Broadcasting log: vic20_sage - redis - 🖥️💬 Message: Coordination request from VIC-20: MEM

Batches:   0%|          | 0/1 [00:00<?, ?it/s][ABatches: 100%|██████████| 1/1 [00:00<00:00,  1.59it/s]Batches: 100%|██████████| 1/1 [00:00<00:00,  1.59it/s]

Batches: 100%|██████████| 1/1 [00:00<00:00,  9.60it/s][ABatches: 100%|██████████| 1/1 [00:00<00:00,  9.57it/s]
INFO:SimplifiedMemoryService:🧐✅ Memory metrics collected successfully: 58.4% usage, 10 processes analyzed, swap: 0.0%
INFO:SimplifiedDiskService:🧐✅ Disk metrics collected successfully: 34.8% usage, 1 partitions, 3 I/O devices
INFO:SimplifiedCPUService:🧐✅ CPU metrics collected successfully: 16.0% usage, 5 processes
INFO:MessageBus.vic_20_sage:📡 REDIS PUB: coordination_request → agents:meth_snail | from=vic_20_sage | priority=5 | id=3235805a
INFO:Distributed.unknown:📨 SEND: coordination_request → meth_snail | from=vic_20_sage | priority=5
INFO:VIC20Sage.Distributed:🖥️✅ Coordination request sent to meth_snail
INFO:MessageBus.the_stick:📨 REDIS SUB: decision_log ← from=vic_20_sage | to=broadcast | priority=5 | id=534031f2
INFO:TheStick.Distributed:📏📬 DECISION_LOG from vic_20_sage: coordination_v2 
INFO:MessageBus.quantum_shadow_people:📨 REDIS SUB: decision_log ← from=vic_20_sage | to=broadcast | priority=5 | id=534031f2
INFO:MessageBus.hamsters:📨 REDIS SUB: decision_log ← from=vic_20_sage | to=broadcast | priority=5 | id=534031f2
INFO:MessageBus.sir_hawkington:📨 REDIS SUB: decision_log ← from=vic_20_sage | to=broadcast | priority=5 | id=534031f2
🔊 Broadcasting log: vic20_sage - system - 🖥️✅ Coordination request sent to meth_snail
🔊 Broadcasting log: the_stick - system - 📏📬 DECISION_LOG from vic_20_sage: coordination_v2 
Batches:   0%|          | 0/1 [00:00<?, ?it/s]INFO:MessageBus.vic_20_sage:📡 REDIS PUB: decision_log → agents:broadcast | from=vic_20_sage | priority=5 | id=534031f2
INFO:app.services.vector_storage:✅ Stored interaction vector: sir_hawkington → broadcast
INFO:StateManager.vic_20_sage:💾 REDIS SAVE: vic_20_sage state | decisions=102 | msgs_sent=2593 | health=healthy | uptime=457s
INFO:Distributed.unknown:📢 BROADCAST: decision_log | from=vic_20_sage | priority=5
INFO:VIC20Sage.Distributed:================================================================================
INFO:VIC20Sage.Distributed:🖥️✅ VIC-20 V2 COORDINATION COMPLETE
INFO:VIC20Sage.Distributed:================================================================================

INFO:SirHawkington.TriageEngine:================================================================================
INFO:SirHawkington.TriageEngine:🧐✅ DIRECT CALL RESULT: VIC-20 responded successfully=True
INFO:SirHawkington.TriageEngine:    Specialist: meth_snail
INFO:SirHawkington.TriageEngine:    Action: unknown
INFO:SirHawkington.TriageEngine:================================================================================
INFO:app.services.vector_storage:✅ Stored decision vector for the_stick: decision_log
INFO:Stick.Database:📏✅ Dual-write complete: CMB=c041c1a7-1a1e-42fb-b171-c8b139e9ba47, StickMemory=171427f2-9c7a-41e5-9b38-020928eec2ac
🔊 Broadcasting log: vic20_sage - system - ==================================================
🔊 Broadcasting log: vic20_sage - system - 🖥️✅ VIC-20 V2 COORDINATION COMPLETE
🔊 Broadcasting log: vic20_sage - system - ==================================================

Batches:   0%|          | 0/1 [00:00<?, ?it/s][AINFO:ResourceMonitor:Skipping protocol breakdown: 
INFO:SimplifiedNetworkService:🧐✅ Network metrics collected successfully: 4 interfaces, 53 connections, rates: 10343412/10339767 bytes/s
Batches: 100%|██████████| 1/1 [00:01<00:00,  1.04s/it]Batches: 100%|██████████| 1/1 [00:01<00:00,  1.04s/it]
INFO:SimplifiedMetricsService:🧐✅ Raw metrics collected successfully: CPU 16.0%, Memory 58.4%
INFO:SimplifiedMetricsService:🧐⚡ Routing metrics through Sir Hawkington's Triage Engine
INFO:SirHawkington.Brain:🧐 Sir Hawkington's decision: normal - confidence: 0.750
INFO:MessageBus.the_stick:📨 REDIS SUB: triage_alert ← from=sir_hawkington | to=broadcast | priority=5 | id=96ba970f
INFO:MessageBus.quantum_shadow_people:📨 REDIS SUB: triage_alert ← from=sir_hawkington | to=broadcast | priority=5 | id=96ba970f
INFO:MessageBus.hamsters:📨 REDIS SUB: triage_alert ← from=sir_hawkington | to=broadcast | priority=5 | id=96ba970f
INFO:MessageBus.sir_hawkington:📡 REDIS PUB: triage_alert → agents:broadcast | from=sir_hawkington | priority=5 | id=96ba970f
INFO:SirHawkington.TriageEngine:🧐⚡ Triage complete: medium → vic20_coordination (3.381s)
INFO:SimplifiedMetricsService:🧐✨ Triage processing complete - enhanced metrics ready
INFO:app.services.vector_storage:✅ Stored interaction vector: vic_20_sage → meth_snail
INFO:StateManager.sir_hawkington:💾 REDIS SAVE: sir_hawkington state | decisions=456 | msgs_sent=72391 | health=healthy | uptime=459s
INFO:SirHawkington.TriageEngine:🧐📡 Triage decision broadcast: medium → vic20_coordination (targets: vic_20_sage)
INFO:SirHawkington.TriageEngine:================================================================================
INFO:SirHawkington.TriageEngine:🧐📞 DIRECT CALL: Hawkington → VIC-20 (COORDINATION)
INFO:SirHawkington.TriageEngine:================================================================================
INFO:VIC20Sage.Distributed:
================================================================================
INFO:VIC20Sage.Distributed:🖥️🎯 VIC-20 V2 COORDINATION INITIATED
INFO:VIC20Sage.Distributed:================================================================================
INFO:VIC20Sage.Distributed:🖥️📞 Triage alert from Sir Hawkington: memory at 58.4% (severity: medium, Hawk confidence: 0.75)
INFO:VIC20Sage.Distributed:🖥️👁️ Perception phase...
INFO:VIC20Perception:🖥️👁️ Perceiving coordination context for memory alert (severity: medium, Hawk confidence: 0.50)
🔊 Broadcasting log: vic20_sage - system - 
=================================================
🔊 Broadcasting log: vic20_sage - system - 🖥️🎯 VIC-20 V2 COORDINATION INITIATED
🔊 Broadcasting log: vic20_sage - system - ==================================================
🔊 Broadcasting log: vic20_sage - system - 🖥️📞 Triage alert from Sir Hawkington: memory at 58
🔊 Broadcasting log: vic20_sage - system - 🖥️👁️ Perception phase...
Batches:   0%|          | 0/1 [00:00<?, ?it/s]
Batches: 100%|██████████| 1/1 [00:02<00:00,  2.30s/it][ABatches: 100%|██████████| 1/1 [00:02<00:00,  2.30s/it]
INFO:app.api.simplified_websocket_routes:🐌 TERRY PAYLOAD FIELDS: ['status', 'distributed', 'agent_name', 'agent_type', 'is_active', 'total_analyses', 'successful_analyses', 'shell_spin_count', 'energy_drinks_consumed', 'current_jitter_level', 'optimization_stats']
INFO:app.api.simplified_websocket_routes:🐌 shell_spin_count: 2
INFO:app.api.simplified_websocket_routes:🐌 energy_drinks_consumed: 0
INFO:VIC20Perception:🖥️✅ Perception complete: 1 specialists available, routing_confidence=0.80, system_load=0.47
INFO:VIC20Sage.Distributed:🖥️✅ Perception complete: 1 specialists available, system load: 0.4672
INFO:VIC20Sage.Distributed:🖥️🧠 Reasoning phase...
INFO:VIC20Reasoning:🖥️🧠 Reasoning about memory coordination...
INFO:VIC20Reasoning:🖥️✅ Reasoning complete: route to meth_snail, confidence=0.61, urgency=normal
INFO:VIC20Sage.Distributed:🖥️✅ Reasoning complete: route to meth_snail, confidence=0.61, urgency=normal
INFO:VIC20Sage.Distributed:🖥️⚡ Action selection phase...
INFO:VIC20ActionSelection:🖥️⚡ Selecting coordination action for memory...
INFO:VIC20ActionSelection:🖥️✅ Action selected: route_to_specialist to meth_snail, priority=normal, strategy=sequential
INFO:VIC20Sage.Distributed:🖥️✅ Action selected: route_to_specialist, priority=normal, strategy=sequential
INFO:VIC20Sage.Distributed:🖥️📚 Learning phase...
INFO:VIC20Learning:🖥️📚 Recording coordination routing for learning...
INFO:VIC20Learning:🖥️✅ Learning recorded: routed to meth_snail, confidence=0.61
INFO:VIC20Sage.Distributed:🖥️💾 Learning record stored in PostgreSQL
INFO:VIC20Sage.Distributed:🖥️📨 Routing to meth_snail...
INFO:VIC20Sage.Distributed:🖥️💬 Message: Coordination request from VIC-20: MEMORY at 58.4% (threshold: 85.0%). Recommended action: clear_cache. Sir Hawkington's assessment: severity=medium, confidence=0.50. 
INFO:app.services.vector_storage:✅ Stored decision vector for the_stick: decision_log
INFO:Stick.Database:📏✅ Dual-write complete: CMB=bb97c5b4-bfec-412a-be79-a24277103546, StickMemory=677a3978-edd9-453c-955d-e1e5de7a3a9f
🔮🔮🔮 VIC-20 ATTEMPTING VECTOR WRITE FOR 8fe71c87-14d1-4143-8865-b26ee4175340 🔮🔮🔮
🔮 Step 1: Creating decision text...
🔮 Step 2: Getting embedding service...
🔮 Step 3: Generating embedding (this may take 95s on first call)...
🔊 Broadcasting log: vic20_sage - system - 🖥️✅ Perception complete: 1 specialists available, 
🔊 Broadcasting log: vic20_sage - system - 🖥️🧠 Reasoning phase...
🔊 Broadcasting log: vic20_sage - system - 🖥️✅ Reasoning complete: route to meth_snail, confi
🔊 Broadcasting log: vic20_sage - system - 🖥️⚡ Action selection phase...
🔊 Broadcasting log: vic20_sage - system - 🖥️✅ Action selected: route_to_specialist, priority
🔊 Broadcasting log: vic20_sage - system - 🖥️📚 Learning phase...
🔊 Broadcasting log: vic20_sage - postgres - 🖥️💾 Learning record stored in PostgreSQL
🔊 Broadcasting log: vic20_sage - system - 🖥️📨 Routing to meth_snail...
🔊 Broadcasting log: vic20_sage - redis - 🖥️💬 Message: Coordination request from VIC-20: MEM

Batches:   0%|          | 0/1 [00:00<?, ?it/s][AINFO:MessageBus.vic_20_sage:📡 REDIS PUB: coordination_request → agents:meth_snail | from=vic_20_sage | priority=5 | id=d757242d
INFO:Distributed.unknown:📨 SEND: coordination_request → meth_snail | from=vic_20_sage | priority=5
INFO:VIC20Sage.Distributed:🖥️✅ Coordination request sent to meth_snail
INFO:MetricsRepository:💾 SystemMetrics persisted id=61057 user=f0d55cd0-1c83-4ff6-9cf2-271a0e701160
INFO:app.api.simplified_websocket_routes:📊 Metrics structure: ['timestamp', 'cpu_usage', 'memory_usage', 'disk_usage', 'network_sent_rate', 'network_recv_rate', 'cpu', 'memory', 'disk', 'network', 'process_count', 'system_info', 'triage_decision', 'triage_processing', 'sir_hawkington', 'triage_stats']
INFO:app.api.simplified_websocket_routes:📊 Metrics size: 15669 chars
INFO:app.api.simplified_websocket_routes:🤖 Agent insights: ['sir_hawkington', 'meth_snail', 'hamsters', 'quantum_shadow_people', 'the_stick', 'vic_20_sage']
INFO:app.api.simplified_websocket_routes:💡 Insights: 10, Events: 0
INFO:app.api.simplified_websocket_routes:✅ Successfully sent 25382 char payload
INFO:MessageBus.the_stick:📨 REDIS SUB: decision_log ← from=vic_20_sage | to=broadcast | priority=5 | id=be91ea59
INFO:TheStick.Distributed:📏📬 DECISION_LOG from vic_20_sage: coordination_v2 
INFO:MessageBus.quantum_shadow_people:📨 REDIS SUB: decision_log ← from=vic_20_sage | to=broadcast | priority=5 | id=be91ea59
INFO:MessageBus.hamsters:📨 REDIS SUB: decision_log ← from=vic_20_sage | to=broadcast | priority=5 | id=be91ea59
INFO:MessageBus.sir_hawkington:📨 REDIS SUB: decision_log ← from=vic_20_sage | to=broadcast | priority=5 | id=be91ea59
🔊 Broadcasting log: vic20_sage - system - 🖥️✅ Coordination request sent to meth_snail
🔊 Broadcasting log: the_stick - system - 📏📬 DECISION_LOG from vic_20_sage: coordination_v2 


Batches:   0%|          | 0/1 [00:00<?, ?it/s][A[AINFO:MessageBus.vic_20_sage:📡 REDIS PUB: decision_log → agents:broadcast | from=vic_20_sage | priority=5 | id=be91ea59
INFO:SimplifiedMetricsService:🧐📊 Collecting real system metrics from all services



Batches:   0%|          | 0/1 [00:00<?, ?it/s][A[A[A
Batches: 100%|██████████| 1/1 [00:00<00:00,  2.58it/s][ABatches: 100%|██████████| 1/1 [00:00<00:00,  2.57it/s]



Batches: 100%|██████████| 1/1 [00:00<00:00,  4.57it/s][A[A[ABatches: 100%|██████████| 1/1 [00:00<00:00,  4.55it/s]
Batches: 100%|██████████| 1/1 [00:00<00:00,  1.35it/s]Batches: 100%|██████████| 1/1 [00:00<00:00,  1.35it/s]


Batches: 100%|██████████| 1/1 [00:00<00:00,  2.09it/s][A[ABatches: 100%|██████████| 1/1 [00:00<00:00,  2.09it/s]
INFO:SimplifiedMemoryService:🧐✅ Memory metrics collected successfully: 60.0% usage, 10 processes analyzed, swap: 0.0%
INFO:SimplifiedDiskService:🧐✅ Disk metrics collected successfully: 34.8% usage, 1 partitions, 3 I/O devices
INFO:StateManager.vic_20_sage:💾 REDIS SAVE: vic_20_sage state | decisions=102 | msgs_sent=2594 | health=healthy | uptime=461s
INFO:Distributed.unknown:📢 BROADCAST: decision_log | from=vic_20_sage | priority=5
INFO:VIC20Sage.Distributed:================================================================================
INFO:VIC20Sage.Distributed:🖥️✅ VIC-20 V2 COORDINATION COMPLETE
INFO:VIC20Sage.Distributed:================================================================================

INFO:SirHawkington.TriageEngine:================================================================================
INFO:SirHawkington.TriageEngine:🧐✅ DIRECT CALL RESULT: VIC-20 responded successfully=True
INFO:SirHawkington.TriageEngine:    Specialist: meth_snail
INFO:SirHawkington.TriageEngine:    Action: unknown
INFO:SirHawkington.TriageEngine:================================================================================
INFO:SimplifiedCPUService:🧐✅ CPU metrics collected successfully: 90.1% usage, 4 processes
INFO:app.services.vector_storage:✅ Stored interaction vector: vic_20_sage → meth_snail
INFO:app.services.vector_storage:✅ Stored interaction vector: sir_hawkington → broadcast
INFO:Stick.Database:📏✅ Dual-write complete: CMB=84aedbba-59c6-4b06-ad58-46519c5deed3, StickMemory=255efd60-b006-4e2e-9d04-80638cb409b0
🔮 Step 4: Embedding generated! Storing vector...
✅✅✅ VECTOR WRITE COMPLETE FOR 8fe71c87-14d1-4143-8865-b26ee4175340 ✅✅✅
🔊 Broadcasting log: vic20_sage - system - ==================================================
🔊 Broadcasting log: vic20_sage - system - 🖥️✅ VIC-20 V2 COORDINATION COMPLETE
🔊 Broadcasting log: vic20_sage - system - ==================================================
Batches:   0%|          | 0/1 [00:00<?, ?it/s]INFO:app.services.vector_storage:✅ Stored decision vector for the_stick: decision_log
INFO:app.services.vector_storage:✅ Stored decision vector for vic_20_sage: agent_coordination
INFO:VIC20Sage.Database:📌 Pinned coordination decision
INFO:VIC20Sage.Distributed:🖥️💾 Coordination decision written to PostgreSQL
INFO:SirHawkington.TriageEngine:🧐⚡ Triage complete: medium → vic20_coordination (3.594s)
INFO:SimplifiedMetricsService:🧐✨ Triage processing complete - enhanced metrics ready
INFO:MethSnail.Distributed:🐌📊 Metrics AFTER: CPU 16.0%, Memory 58.4%, Disk 34.8%
INFO:TerryLearning:🐌📚 Terry's learning system initialized - ready to learn!
INFO:TerryLearning:🐌📚 Terry learning from this experience...
WARNING:TerryLearning:   ⚠️ Action clear_cache succeeded but no metrics improved enough. Primary (memory): 0.00%, All improvements: {'cpu_usage': 3.5, 'memory_usage': 5.0, 'disk_usage': 0.0}
INFO:MessageBus.the_stick:📨 REDIS SUB: decision_log ← from=vic_20_sage | to=broadcast | priority=5 | id=3079353d
INFO:TheStick.Distributed:📏📬 DECISION_LOG from vic_20_sage: coordination 
INFO:TheStick.Distributed:📏💾 Flushing 10 decisions to PostgreSQL...
INFO:MessageBus.quantum_shadow_people:📨 REDIS SUB: decision_log ← from=vic_20_sage | to=broadcast | priority=5 | id=3079353d
INFO:MessageBus.hamsters:📨 REDIS SUB: decision_log ← from=vic_20_sage | to=broadcast | priority=5 | id=3079353d
INFO:MessageBus.sir_hawkington:📨 REDIS SUB: decision_log ← from=vic_20_sage | to=broadcast | priority=5 | id=3079353d
INFO:TerryLearning:   ✗ FAILURE. clear_cache didn't work. Learning from it.
INFO:MethSnail.Distributed:🐌📚 Learning stored: clear_cache FAILED
INFO:MethSnail.Distributed:🐌✅ clear_cache succeeded! CPU: -3.5%, Memory: -5.0%, Disk: +0.0%
INFO:MessageBus.vic_20_sage:📡 REDIS PUB: decision_log → agents:broadcast | from=vic_20_sage | priority=5 | id=3079353d
INFO:StateManager.vic_20_sage:💾 REDIS SAVE: vic_20_sage state | decisions=102 | msgs_sent=2595 | health=healthy | uptime=462s
INFO:Distributed.unknown:📢 BROADCAST: decision_log | from=vic_20_sage | priority=5
INFO:Stick.Database:📏✅ Dual-write complete: CMB=f4e2d1b4-eeed-4fa9-8da3-205b541fc66d, StickMemory=12b0599d-b00a-484f-8518-1e15658316e8
INFO:MessageBus.vic_20_sage:📨 REDIS SUB: triage_alert ← from=sir_hawkington | to=broadcast | priority=2 | id=86404b7b
INFO:VIC20Sage.Distributed:🖥️📬 TRIAGE ALERT from Sir Hawkington: cpu at 57.3% (threshold: 80.0%) severity=high, confidence=0.75
INFO:meth_snail.Database:🐌💾 Dual-write complete: CMB=881bc1ba-6598-4c0a-8a10-c16fb6777215, SnailMemory=ed0d922f-bdc0-42d9-9cdf-b136a6788620
🔊 Broadcasting log: vic20_sage - postgres - 🖥️💾 Coordination decision written to PostgreSQL
🔊 Broadcasting log: meth_snail - system - 🐌📊 Metrics AFTER: CPU 16.0%, Memory 58.4%, Disk 34
🔊 Broadcasting log: the_stick - system - 📏📬 DECISION_LOG from vic_20_sage: coordination 
🔊 Broadcasting log: the_stick - postgres - 📏💾 Flushing 10 decisions to PostgreSQL...
🔊 Broadcasting log: meth_snail - system - 🐌📚 Learning stored: clear_cache FAILED
🔊 Broadcasting log: meth_snail - system - 🐌✅ clear_cache succeeded! CPU: -3.5%, Memory: -5.0
🔊 Broadcasting log: vic20_sage - system - 🖥️📬 TRIAGE ALERT from Sir Hawkington: cpu at 57.3%

Batches:   0%|          | 0/1 [00:00<?, ?it/s][A

Batches:   0%|          | 0/1 [00:00<?, ?it/s][A[ABatches: 100%|██████████| 1/1 [00:00<00:00,  1.26it/s]Batches: 100%|██████████| 1/1 [00:00<00:00,  1.25it/s]
INFO:ResourceMonitor:Skipping protocol breakdown: 
INFO:SimplifiedNetworkService:🧐✅ Network metrics collected successfully: 4 interfaces, 53 connections, rates: 7357995/7358158 bytes/s
INFO:SimplifiedMetricsService:🧐✅ Raw metrics collected successfully: CPU 90.1%, Memory 60.0%
INFO:SimplifiedMetricsService:🧐⚡ Routing metrics through Sir Hawkington's Triage Engine
INFO:SirHawkington.Brain:🧐 Sir Hawkington's decision: normal - confidence: 0.950
INFO:MessageBus.quantum_shadow_people:📨 REDIS SUB: triage_alert ← from=sir_hawkington | to=broadcast | priority=2 | id=79f23a76
INFO:MessageBus.hamsters:📨 REDIS SUB: triage_alert ← from=sir_hawkington | to=broadcast | priority=2 | id=79f23a76
INFO:MessageBus.sir_hawkington:📡 REDIS PUB: triage_alert → agents:broadcast | from=sir_hawkington | priority=2 | id=79f23a76
INFO:VIC20Sage.Distributed:🖥️📚 Found 15 historical records for cpu: decision_vectors=15
INFO:VIC20Sage.Distributed:🖥️💡 Routing to meth_snail: adjust_process_priority (confidence: 0.70)
INFO:StateManager.sir_hawkington:💾 REDIS SAVE: sir_hawkington state | decisions=456 | msgs_sent=72392 | health=healthy | uptime=463s
INFO:SirHawkington.TriageEngine:🧐📡 Triage decision broadcast: high → vic20_emergency (targets: vic_20_sage)
WARNING:SirHawkington.TriageEngine:🧐💥 MONOCLE YEETED TO VIC-20 - EMERGENCY ORCHESTRATION ACTIVATED!
WARNING:SirHawkington.TriageEngine:================================================================================
WARNING:SirHawkington.TriageEngine:🧐💥📞 DIRECT CALL: Hawkington → VIC-20 (EMERGENCY!!!)
WARNING:SirHawkington.TriageEngine:================================================================================
INFO:VIC20Sage.Distributed:
================================================================================
INFO:VIC20Sage.Distributed:🖥️🎯 VIC-20 V2 COORDINATION INITIATED
INFO:VIC20Sage.Distributed:================================================================================
INFO:VIC20Sage.Distributed:🖥️📞 Triage alert from Sir Hawkington: cpu at 90.1% (severity: high, Hawk confidence: 0.95)
INFO:VIC20Sage.Distributed:🖥️👁️ Perception phase...
INFO:VIC20Perception:🖥️👁️ Perceiving coordination context for cpu alert (severity: high, Hawk confidence: 0.50)
INFO:app.services.vector_storage:✅ Stored decision vector for the_stick: decision_log
🔊 Broadcasting log: vic20_sage - vector - 🖥️📚 Found 15 historical records for cpu: decision_
🔊 Broadcasting log: vic20_sage - system - 🖥️💡 Routing to meth_snail: adjust_process_priority
🔊 Broadcasting log: vic20_sage - system - 
=================================================
🔊 Broadcasting log: vic20_sage - system - 🖥️🎯 VIC-20 V2 COORDINATION INITIATED
🔊 Broadcasting log: vic20_sage - system - ==================================================
🔊 Broadcasting log: vic20_sage - system - 🖥️📞 Triage alert from Sir Hawkington: cpu at 90.1%
🔊 Broadcasting log: vic20_sage - system - 🖥️👁️ Perception phase...
Batches:   0%|          | 0/1 [00:00<?, ?it/s]INFO:Stick.Database:📏✅ Dual-write complete: CMB=fde2663f-0a08-4a00-bbfb-825ff72e1241, StickMemory=f71a42c8-c737-4596-b294-766eab87d0b1
INFO:MessageBus.vic_20_sage:📡 REDIS PUB: coordination_request → agents:meth_snail | from=vic_20_sage | priority=2 | id=13f9380e
INFO:Distributed.unknown:📨 SEND: coordination_request → meth_snail | from=vic_20_sage | priority=2

================================================================================
🖥️ VIC-20 store_coordination_decision() CALLED for user 2136f4eb-d8d3-48cb-8bae-bbff7d796792
================================================================================

✅ db_getter exists: <function get_async_db at 0x79ab69d485e0>
✅ About to write to database...



Batches:   0%|          | 0/1 [00:00<?, ?it/s][A[A[A
Batches: 100%|██████████| 1/1 [00:00<00:00,  1.56it/s][ABatches: 100%|██████████| 1/1 [00:00<00:00,  1.56it/s]

Batches:   0%|          | 0/1 [00:00<?, ?it/s][AINFO:VIC20Perception:🖥️✅ Perception complete: 1 specialists available, routing_confidence=0.78, system_load=0.90
INFO:VIC20Sage.Distributed:🖥️✅ Perception complete: 1 specialists available, system load: 0.9009999999999999
INFO:VIC20Sage.Distributed:🖥️🧠 Reasoning phase...
INFO:VIC20Reasoning:🖥️🧠 Reasoning about cpu coordination...
INFO:VIC20Reasoning:🖥️✅ Reasoning complete: route to meth_snail, confidence=0.58, urgency=critical
INFO:VIC20Sage.Distributed:🖥️✅ Reasoning complete: route to meth_snail, confidence=0.58, urgency=critical
INFO:VIC20Sage.Distributed:🖥️⚡ Action selection phase...
INFO:VIC20ActionSelection:🖥️⚡ Selecting coordination action for cpu...
INFO:VIC20ActionSelection:🖥️✅ Action selected: escalate to meth_snail, priority=critical, strategy=broadcast
INFO:VIC20Sage.Distributed:🖥️✅ Action selected: escalate, priority=critical, strategy=broadcast
INFO:VIC20Sage.Distributed:🖥️📚 Learning phase...
INFO:VIC20Learning:🖥️📚 Recording coordination routing for learning...
INFO:VIC20Learning:🖥️✅ Learning recorded: routed to meth_snail, confidence=0.58
INFO:VIC20Sage.Distributed:🖥️💾 Learning record stored in PostgreSQL
INFO:VIC20Sage.Distributed:🖥️⏸️ Action type: escalate - not routing
WARNING:SirHawkington.TriageEngine:================================================================================
WARNING:SirHawkington.TriageEngine:🧐💥✅ EMERGENCY CALL RESULT: VIC-20 responded successfully=True
WARNING:SirHawkington.TriageEngine:    Specialist: unknown
WARNING:SirHawkington.TriageEngine:    Action: unknown
WARNING:SirHawkington.TriageEngine:================================================================================


Batches: 100%|██████████| 1/1 [00:00<00:00,  1.47it/s][A[ABatches: 100%|██████████| 1/1 [00:00<00:00,  1.47it/s]
INFO:MethSnail.Distributed:🐌💾 Action result written to PostgreSQL
INFO:MessageBus.quantum_shadow_people:📨 REDIS SUB: action_report ← from=meth_snail | to=broadcast | priority=5 | id=b09429e5
INFO:MessageBus.hamsters:📨 REDIS SUB: action_report ← from=meth_snail | to=broadcast | priority=5 | id=b09429e5
INFO:MessageBus.sir_hawkington:📨 REDIS SUB: action_report ← from=meth_snail | to=broadcast | priority=5 | id=b09429e5
INFO:app.services.vector_storage:✅ Stored decision vector for the_stick: decision_log
INFO:Stick.Database:📏✅ Dual-write complete: CMB=9e376d8e-b99d-4248-8a8d-ea41c20c3d48, StickMemory=ddacd582-28a4-4370-91d6-7d5c3ac82eea
INFO:MessageBus.meth_snail:📡 REDIS PUB: action_report → agents:broadcast | from=meth_snail | priority=5 | id=b09429e5
🔊 Broadcasting log: vic20_sage - system - 🖥️✅ Perception complete: 1 specialists available, 
🔊 Broadcasting log: vic20_sage - system - 🖥️🧠 Reasoning phase...
🔊 Broadcasting log: vic20_sage - system - 🖥️✅ Reasoning complete: route to meth_snail, confi
🔊 Broadcasting log: vic20_sage - system - 🖥️⚡ Action selection phase...
🔊 Broadcasting log: vic20_sage - redis - 🖥️✅ Action selected: escalate, priority=critical, 
🔊 Broadcasting log: vic20_sage - system - 🖥️📚 Learning phase...
🔊 Broadcasting log: vic20_sage - postgres - 🖥️💾 Learning record stored in PostgreSQL
🔊 Broadcasting log: vic20_sage - system - 🖥️⏸️ Action type: escalate - not routing
🔊 Broadcasting log: meth_snail - postgres - 🐌💾 Action result written to PostgreSQL


Batches:   0%|          | 0/1 [00:00<?, ?it/s][A[AINFO:StateManager.meth_snail:💾 REDIS SAVE: meth_snail state | decisions=128 | msgs_sent=10438 | health=healthy | uptime=463s
INFO:Distributed.unknown:📢 BROADCAST: action_report | from=meth_snail | priority=5
INFO:app.services.vector_storage:✅ Stored decision vector for meth_snail: specialist_action
INFO:MessageBus.quantum_shadow_people:📨 REDIS SUB: decision_log ← from=meth_snail | to=broadcast | priority=5 | id=36ec6de4
INFO:MessageBus.hamsters:📨 REDIS SUB: decision_log ← from=meth_snail | to=broadcast | priority=5 | id=36ec6de4
INFO:MessageBus.sir_hawkington:📨 REDIS SUB: decision_log ← from=meth_snail | to=broadcast | priority=5 | id=36ec6de4




Batches:   0%|          | 0/1 [00:00<?, ?it/s][A[A[A[A


Batches: 100%|██████████| 1/1 [00:00<00:00,  1.58it/s][A[A[ABatches: 100%|██████████| 1/1 [00:00<00:00,  1.58it/s]
INFO:MessageBus.meth_snail:📡 REDIS PUB: decision_log → agents:broadcast | from=meth_snail | priority=5 | id=36ec6de4
Batches: 100%|██████████| 1/1 [00:01<00:00,  1.05s/it]Batches: 100%|██████████| 1/1 [00:01<00:00,  1.05s/it]
INFO:StateManager.meth_snail:💾 REDIS SAVE: meth_snail state | decisions=128 | msgs_sent=10439 | health=healthy | uptime=464s
INFO:Distributed.unknown:📢 BROADCAST: decision_log | from=meth_snail | priority=5
INFO:MessageBus.meth_snail:📨 REDIS SUB: coordination_request ← from=vic_20_sage | to=meth_snail | priority=5 | id=9384708b
INFO:MethSnail.Distributed:🐌📬 COORDINATION REQUEST from VIC-20: memory at 48.8% - VIC-20 suggests: clear_cache
INFO:TerryPerception:🐌👁️ Terry's perception system initialized - ready to see EVERYTHING
INFO:TerryPerception:🐌🔍 Terry perceiving situation...
INFO:SimplifiedMetricsService:🧐📊 Collecting real system metrics from all services

Batches: 100%|██████████| 1/1 [00:00<00:00,  1.09it/s][ABatches: 100%|██████████| 1/1 [00:00<00:00,  1.08it/s]


Batches: 100%|██████████| 1/1 [00:00<00:00,  1.94it/s][A[ABatches: 100%|██████████| 1/1 [00:00<00:00,  1.93it/s]




Batches: 100%|██████████| 1/1 [00:00<00:00,  1.80it/s][A[A[A[ABatches: 100%|██████████| 1/1 [00:00<00:00,  1.80it/s]
INFO:SimplifiedMemoryService:🧐✅ Memory metrics collected successfully: 61.8% usage, 10 processes analyzed, swap: 0.0%
INFO:SimplifiedDiskService:🧐✅ Disk metrics collected successfully: 34.8% usage, 1 partitions, 3 I/O devices
INFO:SimplifiedCPUService:🧐✅ CPU metrics collected successfully: 30.9% usage, 6 processes
INFO:app.services.vector_storage:✅ Stored decision vector for the_stick: decision_log
